a, a, j
a, a, o
a, a, q
a, a, v
a, a, w
a, a, x
a, a, y
a, a, z
a, b, p
a, b, q
a, b, x
a, b, z
a, c, j
a, c, v
a, c, x
a, d, x
a, f, j
a, f, p
a, f, v
a, f, z
a, g, j
a, g, q
a, g, v
a, g, z
a, h, b
a, h, p
a, h, q
a, j, b
a, j, c
a, j, f
a, j, g
a, j, h
a, j, k
a, j, l
a, j, m
a, j, s
a, j, t
a, j, v
a, j, w
a, j, y
a, k, g
a, k, j
a, k, q
a, k, z
a, l, x
a, m, q
a, m, x
a, o, f
a, o, j
a, o, k
a, o, o
a, o, q
a, o, x
a, o, y
a, o, z
a, p, g
a, p, q
a, p, v
a, p, z
a, q, b
a, q, c
a, q, d
a, q, e
a, q, l
a, q, m
a, q, n
a, q, o
a, q, q
a, q, r
a, q, t
a, q, w
a, s, j
a, s, x
a, t, q
a, t, x
a, u, y
a, v, f
a, v, h
a, v, m
a, v, p
a, v, t
a, v, x
a, v, z
a, w, j
a, w, z
a, x, d
a, x, g
a, x, k
a, x, q
a, x, r
a, x, v
a, x, x
a, y, j
a, y, q
a, y, x
a, z, c
a, z, f
a, z, g
a, z, q
a, z, s
a, z, v
a, z, w
a, ', b
a, ', c
a, ', e
a, ', f
a, ', h
a, ', l
a, ', m
a, ', n
a, ', o
a, ', r
a, ', t
a, ', u
a, ', v
b, b, b
b, b, c
b, b, d
b, b, f
b, b, g
b, b, h
b, b, j
b, b, k
b, b, m
b, b, n
b, b, p
b, b, q
b, b, v
b, b, w
b, b, x
b, b, z
b, c, b
b, c, c
b, c, d
b, c, f
b, c, g
b, c, j
b, c, k
b, c, m
b, c, n
b, c, p
b, c, q
b, c, s
b, c, t
b, c, v
b, c, w
b, c, x
b, c, z
b, d, b
b, d, c
b, d, d
b, d, f
b, d, g
b, d, h
b, d, j
b, d, k
b, d, l
b, d, m
b, d, n
b, d, p
b, d, q
b, d, s
b, d, t
b, d, v
b, d, w
b, d, x
b, d, y
b, d, z
b, d, '
b, f, b
b, f, c
b, f, d
b, f, f
b, f, g
b, f, h
b, f, j
b, f, k
b, f, m
b, f, n
b, f, p
b, f, s
b, f, t
b, f, v
b, f, w
b, f, y
b, f, z
b, f, '
b, g, b
b, g, c
b, g, d
b, g, f
b, g, g
b, g, h
b, g, i
b, g, j
b, g, k
b, g, m
b, g, n
b, g, p
b, g, q
b, g, s
b, g, t
b, g, u
b, g, v
b, g, w
b, g, y
b, g, z
b, g, '
b, h, b
b, h, c
b, h, d
b, h, f
b, h, g
b, h, h
b, h, j
b, h, k
b, h, l
b, h, m
b, h, n
b, h, p
b, h, q
b, h, r
b, h, s
b, h, t
b, h, v
b, h, w
b, h, z
b, h, '
b, i, w
b, j, b
b, j, c
b, j, d
b, j, f
b, j, g
b, j, h
b, j, j
b, j, k
b, j, l
b, j, m
b, j, n
b, j, p
b, j, r
b, j, s
b, j, t
b, j, v
b, j, w
b, j, y
b, j, '
b, k, b
b, k, c
b, k, d
b, k, f
b, k, g
b, k, j
b, k, k
b, k, l
b, k, m
b, k, n
b, k, o
b, k, p
b, k, q
b, k, r
b, k, s
b, k, t
b, k, u
b, k, v
b, k, w
b, k, y
b, k, z
b, k, '
b, l, b
b, l, c
b, l, f
b, l, g
b, l, h
b, l, j
b, l, k
b, l, l
b, l, m
b, l, n
b, l, p
b, l, q
b, l, r
b, l, s
b, l, v
b, l, w
b, l, x
b, l, z
b, l, '
b, m, b
b, m, c
b, m, d
b, m, f
b, m, g
b, m, h
b, m, j
b, m, k
b, m, l
b, m, m
b, m, n
b, m, p
b, m, q
b, m, r
b, m, t
b, m, v
b, m, w
b, m, x
b, m, y
b, m, z
b, n, b
b, n, c
b, n, d
b, n, f
b, n, g
b, n, h
b, n, j
b, n, k
b, n, l
b, n, m
b, n, n
b, n, p
b, n, q
b, n, r
b, n, s
b, n, t
b, n, v
b, n, w
b, n, x
b, n, y
b, n, z
b, o, q
b, p, b
b, p, c
b, p, d
b, p, f
b, p, g
b, p, j
b, p, k
b, p, m
b, p, n
b, p, p
b, p, q
b, p, t
b, p, v
b, p, w
b, p, z
b, p, '
b, q, a
b, q, b
b, q, c
b, q, d
b, q, e
b, q, i
b, q, l
b, q, m
b, q, n
b, q, o
b, q, q
b, q, r
b, q, s
b, q, t
b, q, w
b, q, '
b, r, b
b, r, c
b, r, g
b, r, j
b, r, k
b, r, l
b, r, m
b, r, p
b, r, q
b, r, r
b, r, s
b, r, t
b, r, v
b, r, w
b, r, x
b, r, '
b, s, j
b, s, n
b, s, v
b, s, w
b, s, x
b, s, z
b, t, b
b, t, c
b, t, d
b, t, g
b, t, j
b, t, k
b, t, m
b, t, n
b, t, p
b, t, q
b, t, t
b, t, v
b, t, w
b, t, x
b, t, z
b, u, u
b, u, v
b, u, w
b, v, c
b, v, d
b, v, f
b, v, g
b, v, h
b, v, k
b, v, l
b, v, m
b, v, n
b, v, p
b, v, r
b, v, s
b, v, t
b, v, u
b, v, v
b, v, x
b, v, y
b, v, z
b, v, '
b, w, b
b, w, c
b, w, d
b, w, f
b, w, g
b, w, j
b, w, k
b, w, l
b, w, m
b, w, n
b, w, p
b, w, s
b, w, t
b, w, u
b, w, v
b, w, w
b, w, y
b, w, z
b, x, a
b, x, b
b, x, c
b, x, d
b, x, e
b, x, f
b, x, g
b, x, h
b, x, i
b, x, k
b, x, l
b, x, m
b, x, n
b, x, o
b, x, p
b, x, q
b, x, r
b, x, s
b, x, t
b, x, u
b, x, v
b, x, w
b, x, x
b, x, y
b, x, '
b, y, f
b, y, j
b, y, q
b, y, x
b, y, y
b, z, a
b, z, b
b, z, c
b, z, d
b, z, e
b, z, f
b, z, g
b, z, h
b, z, k
b, z, l
b, z, m
b, z, n
b, z, o
b, z, p
b, z, q
b, z, r
b, z, s
b, z, t
b, z, u
b, z, v
b, z, w
b, z, y
b, z, z
b, z, '
b, ', a
b, ', b
b, ', c
b, ', d
b, ', e
b, ', f
b, ', h
b, ', i
b, ', l
b, ', m
b, ', n
b, ', o
b, ', p
b, ', r
b, ', t
b, ', u
b, ', v
c, b, b
c, b, c
c, b, d
c, b, f
c, b, g
c, b, h
c, b, i
c, b, j
c, b, k
c, b, l
c, b, m
c, b, n
c, b, p
c, b, q
c, b, s
c, b, t
c, b, u
c, b, v
c, b, w
c, b, x
c, b, y
c, b, z
c, b, '
c, c, b
c, c, f
c, c, g
c, c, j
c, c, k
c, c, p
c, c, q
c, c, v
c, c, w
c, c, x
c, c, z
c, d, b
c, d, c
c, d, d
c, d, f
c, d, g
c, d, h
c, d, j
c, d, k
c, d, l
c, d, m
c, d, n
c, d, p
c, d, q
c, d, t
c, d, u
c, d, v
c, d, w
c, d, x
c, d, z
c, e, x
c, f, b
c, f, c
c, f, d
c, f, e
c, f, f
c, f, g
c, f, h
c, f, i
c, f, j
c, f, k
c, f, l
c, f, m
c, f, n
c, f, o
c, f, p
c, f, r
c, f, s
c, f, t
c, f, u
c, f, v
c, f, w
c, f, y
c, f, z
c, f, '
c, g, b
c, g, c
c, g, d
c, g, f
c, g, g
c, g, h
c, g, j
c, g, k
c, g, l
c, g, m
c, g, n
c, g, p
c, g, q
c, g, s
c, g, t
c, g, v
c, g, w
c, g, y
c, g, z
c, g, '
c, h, j
c, h, q
c, i, h
c, i, j
c, i, w
c, i, x
c, i, y
c, j, a
c, j, b
c, j, c
c, j, d
c, j, e
c, j, f
c, j, g
c, j, h
c, j, i
c, j, j
c, j, k
c, j, l
c, j, m
c, j, n
c, j, o
c, j, p
c, j, r
c, j, s
c, j, t
c, j, u
c, j, v
c, j, w
c, j, y
c, j, '
c, k, z
c, l, b
c, l, c
c, l, d
c, l, f
c, l, g
c, l, h
c, l, j
c, l, k
c, l, m
c, l, n
c, l, p
c, l, q
c, l, r
c, l, s
c, l, t
c, l, v
c, l, w
c, l, x
c, l, z
c, l, '
c, m, b
c, m, c
c, m, f
c, m, g
c, m, h
c, m, j
c, m, k
c, m, l
c, m, m
c, m, n
c, m, p
c, m, q
c, m, r
c, m, t
c, m, v
c, m, w
c, m, x
c, m, y
c, m, z
c, n, b
c, n, c
c, n, f
c, n, g
c, n, h
c, n, j
c, n, k
c, n, l
c, n, m
c, n, n
c, n, p
c, n, q
c, n, r
c, n, s
c, n, t
c, n, v
c, n, w
c, n, x
c, n, z
c, p, b
c, p, d
c, p, e
c, p, f
c, p, g
c, p, j
c, p, k
c, p, l
c, p, m
c, p, n
c, p, p
c, p, q
c, p, u
c, p, v
c, p, w
c, p, y
c, p, z
c, p, '
c, q, a
c, q, b
c, q, c
c, q, d
c, q, e
c, q, i
c, q, l
c, q, m
c, q, n
c, q, o
c, q, q
c, q, r
c, q, s
c, q, t
c, q, w
c, q, '
c, r, b
c, r, d
c, r, g
c, r, h
c, r, j
c, r, k
c, r, l
c, r, m
c, r, n
c, r, p
c, r, q
c, r, r
c, r, s
c, r, t
c, r, v
c, r, w
c, r, x
c, r, z
c, r, '
c, s, b
c, s, d
c, s, f
c, s, g
c, s, j
c, s, l
c, s, m
c, s, n
c, s, q
c, s, r
c, s, s
c, s, u
c, s, v
c, s, w
c, s, x
c, s, y
c, s, z
c, t, b
c, t, c
c, t, g
c, t, j
c, t, k
c, t, p
c, t, q
c, t, v
c, t, x
c, t, z
c, u, h
c, u, q
c, u, w
c, u, x
c, v, a
c, v, c
c, v, d
c, v, f
c, v, g
c, v, h
c, v, i
c, v, k
c, v, l
c, v, m
c, v, n
c, v, p
c, v, r
c, v, s
c, v, t
c, v, u
c, v, v
c, v, x
c, v, y
c, v, z
c, v, '
c, w, b
c, w, c
c, w, d
c, w, e
c, w, f
c, w, g
c, w, j
c, w, k
c, w, l
c, w, n
c, w, p
c, w, r
c, w, s
c, w, t
c, w, u
c, w, v
c, w, w
c, w, y
c, w, z
c, w, '
c, x, a
c, x, b
c, x, c
c, x, d
c, x, e
c, x, f
c, x, g
c, x, h
c, x, i
c, x, k
c, x, l
c, x, m
c, x, n
c, x, o
c, x, p
c, x, q
c, x, r
c, x, s
c, x, t
c, x, u
c, x, v
c, x, w
c, x, x
c, x, y
c, x, '
c, y, f
c, y, h
c, y, i
c, y, j
c, y, k
c, y, q
c, y, u
c, y, v
c, y, w
c, y, y
c, z, b
c, z, c
c, z, d
c, z, f
c, z, g
c, z, h
c, z, i
c, z, k
c, z, l
c, z, m
c, z, n
c, z, o
c, z, p
c, z, q
c, z, r
c, z, s
c, z, t
c, z, u
c, z, v
c, z, w
c, z, z
c, ', a
c, ', b
c, ', c
c, ', d
c, ', e
c, ', f
c, ', h
c, ', i
c, ', l
c, ', m
c, ', n
c, ', o
c, ', p
c, ', r
c, ', t
c, ', u
c, ', v
d, b, b
d, b, c
d, b, d
d, b, f
d, b, g
d, b, h
d, b, j
d, b, k
d, b, n
d, b, p
d, b, q
d, b, s
d, b, t
d, b, v
d, b, w
d, b, x
d, b, z
d, b, '
d, c, b
d, c, d
d, c, e
d, c, f
d, c, g
d, c, i
d, c, j
d, c, k
d, c, m
d, c, n
d, c, p
d, c, q
d, c, s
d, c, t
d, c, v
d, c, w
d, c, x
d, c, y
d, c, z
d, c, '
d, d, b
d, d, c
d, d, d
d, d, g
d, d, j
d, d, k
d, d, p
d, d, q
d, d, t
d, d, v
d, d, w
d, d, x
d, d, z
d, f, b
d, f, c
d, f, d
d, f, f
d, f, g
d, f, h
d, f, j
d, f, k
d, f, m
d, f, n
d, f, p
d, f, s
d, f, t
d, f, v
d, f, w
d, f, y
d, f, z
d, f, '
d, g, b
d, g, c
d, g, d
d, g, f
d, g, g
d, g, h
d, g, j
d, g, k
d, g, n
d, g, p
d, g, q
d, g, t
d, g, v
d, g, z
d, g, '
d, h, b
d, h, c
d, h, d
d, h, f
d, h, g
d, h, h
d, h, j
d, h, k
d, h, l
d, h, m
d, h, n
d, h, p
d, h, q
d, h, t
d, h, v
d, h, w
d, h, z
d, j, b
d, j, c
d, j, d
d, j, f
d, j, g
d, j, h
d, j, j
d, j, k
d, j, l
d, j, m
d, j, n
d, j, p
d, j, r
d, j, s
d, j, t
d, j, v
d, j, w
d, j, y
d, j, '
d, k, b
d, k, c
d, k, d
d, k, f
d, k, g
d, k, j
d, k, k
d, k, l
d, k, m
d, k, o
d, k, p
d, k, q
d, k, r
d, k, s
d, k, t
d, k, u
d, k, v
d, k, w
d, k, y
d, k, z
d, k, '
d, l, b
d, l, d
d, l, f
d, l, g
d, l, h
d, l, j
d, l, k
d, l, l
d, l, m
d, l, n
d, l, p
d, l, q
d, l, r
d, l, t
d, l, v
d, l, w
d, l, x
d, l, z
d, m, b
d, m, c
d, m, d
d, m, f
d, m, g
d, m, h
d, m, j
d, m, k
d, m, l
d, m, m
d, m, n
d, m, p
d, m, q
d, m, r
d, m, s
d, m, t
d, m, v
d, m, w
d, m, x
d, m, y
d, m, z
d, n, b
d, n, c
d, n, d
d, n, f
d, n, g
d, n, h
d, n, j
d, n, k
d, n, l
d, n, m
d, n, n
d, n, p
d, n, q
d, n, r
d, n, s
d, n, v
d, n, w
d, n, x
d, n, y
d, n, z
d, p, b
d, p, c
d, p, d
d, p, f
d, p, g
d, p, j
d, p, k
d, p, m
d, p, n
d, p, p
d, p, q
d, p, s
d, p, t
d, p, v
d, p, w
d, p, y
d, p, z
d, q, a
d, q, b
d, q, c
d, q, d
d, q, e
d, q, i
d, q, l
d, q, m
d, q, n
d, q, o
d, q, q
d, q, r
d, q, s
d, q, t
d, q, w
d, q, '
d, r, b
d, r, c
d, r, d
d, r, f
d, r, g
d, r, h
d, r, j
d, r, k
d, r, l
d, r, m
d, r, n
d, r, p
d, r, q
d, r, r
d, r, t
d, r, v
d, r, w
d, r, x
d, r, z
d, s, d
d, s, g
d, s, j
d, s, r
d, s, x
d, s, z
d, t, b
d, t, c
d, t, d
d, t, f
d, t, g
d, t, j
d, t, k
d, t, l
d, t, m
d, t, n
d, t, p
d, t, q
d, t, t
d, t, v
d, t, w
d, t, x
d, t, y
d, t, z
d, u, j
d, u, w
d, u, z
d, v, c
d, v, d
d, v, f
d, v, g
d, v, h
d, v, k
d, v, l
d, v, m
d, v, n
d, v, p
d, v, r
d, v, s
d, v, t
d, v, u
d, v, v
d, v, x
d, v, y
d, v, z
d, v, '
d, w, b
d, w, c
d, w, d
d, w, f
d, w, g
d, w, j
d, w, k
d, w, l
d, w, m
d, w, n
d, w, p
d, w, s
d, w, t
d, w, u
d, w, v
d, w, w
d, w, z
d, w, '
d, x, a
d, x, b
d, x, c
d, x, d
d, x, e
d, x, f
d, x, g
d, x, h
d, x, i
d, x, k
d, x, l
d, x, m
d, x, n
d, x, o
d, x, p
d, x, q
d, x, r
d, x, s
d, x, t
d, x, u
d, x, v
d, x, w
d, x, x
d, x, y
d, x, '
d, y, j
d, y, q
d, y, x
d, y, y
d, y, z
d, z, b
d, z, c
d, z, d
d, z, f
d, z, g
d, z, k
d, z, l
d, z, m
d, z, n
d, z, p
d, z, q
d, z, r
d, z, s
d, z, t
d, z, v
d, z, w
d, z, y
d, z, z
d, z, '
d, ', b
d, ', c
d, ', d
d, ', f
d, ', h
d, ', i
d, ', l
d, ', m
d, ', n
d, ', o
d, ', p
d, ', r
d, ', t
d, ', u
d, ', v
e, a, j
e, b, g
e, b, j
e, b, p
e, b, q
e, b, v
e, b, x
e, b, z
e, c, f
e, c, g
e, c, j
e, c, v
e, c, w
e, c, x
e, d, q
e, d, x
e, d, z
e, f, b
e, f, g
e, f, h
e, f, j
e, f, k
e, f, m
e, f, p
e, f, v
e, f, z
e, g, c
e, g, d
e, g, j
e, g, k
e, g, p
e, g, q
e, g, t
e, g, v
e, g, z
e, h, b
e, h, c
e, h, d
e, h, f
e, h, g
e, h, h
e, h, j
e, h, k
e, h, p
e, h, q
e, h, v
e, h, w
e, h, z
e, i, q
e, j, b
e, j, c
e, j, f
e, j, g
e, j, h
e, j, j
e, j, k
e, j, l
e, j, m
e, j, n
e, j, p
e, j, r
e, j, s
e, j, t
e, j, v
e, j, w
e, j, y
e, j, '
e, k, c
e, k, f
e, k, g
e, k, j
e, k, m
e, k, q
e, k, v
e, k, w
e, k, z
e, l, x
e, m, g
e, m, j
e, m, q
e, m, x
e, n, x
e, o, j
e, o, q
e, p, j
e, p, q
e, p, v
e, p, z
e, q, a
e, q, b
e, q, c
e, q, d
e, q, e
e, q, i
e, q, l
e, q, m
e, q, n
e, q, o
e, q, q
e, q, r
e, q, s
e, q, t
e, q, w
e, q, '
e, s, j
e, s, x
e, t, q
e, t, x
e, u, j
e, u, q
e, u, u
e, u, y
e, v, c
e, v, d
e, v, f
e, v, g
e, v, h
e, v, m
e, v, p
e, v, t
e, v, x
e, w, j
e, w, v
e, w, z
e, x, b
e, x, g
e, x, k
e, x, w
e, x, x
e, y, j
e, y, k
e, y, q
e, y, u
e, y, x
e, y, y
e, y, z
e, z, b
e, z, d
e, z, f
e, z, g
e, z, p
e, z, s
e, z, t
e, z, w
e, ', a
e, ', b
e, ', c
e, ', f
e, ', h
e, ', i
e, ', m
e, ', n
e, ', o
e, ', p
e, ', r
e, ', t
e, ', u
e, ', v
f, a, a
f, b, b
f, b, c
f, b, d
f, b, f
f, b, g
f, b, h
f, b, j
f, b, k
f, b, l
f, b, m
f, b, n
f, b, p
f, b, q
f, b, s
f, b, t
f, b, v
f, b, w
f, b, x
f, b, y
f, b, z
f, b, '
f, c, b
f, c, c
f, c, d
f, c, e
f, c, f
f, c, g
f, c, i
f, c, j
f, c, k
f, c, l
f, c, m
f, c, n
f, c, p
f, c, q
f, c, r
f, c, s
f, c, t
f, c, v
f, c, w
f, c, x
f, c, y
f, c, z
f, d, b
f, d, c
f, d, d
f, d, e
f, d, f
f, d, g
f, d, h
f, d, j
f, d, k
f, d, l
f, d, m
f, d, n
f, d, p
f, d, q
f, d, r
f, d, s
f, d, t
f, d, u
f, d, v
f, d, w
f, d, x
f, d, y
f, d, z
f, d, '
f, e, j
f, e, q
f, f, f
f, f, j
f, f, v
f, f, z
f, g, b
f, g, c
f, g, d
f, g, f
f, g, g
f, g, i
f, g, j
f, g, k
f, g, l
f, g, m
f, g, n
f, g, o
f, g, p
f, g, q
f, g, s
f, g, t
f, g, u
f, g, v
f, g, w
f, g, y
f, g, z
f, g, '
f, h, b
f, h, c
f, h, d
f, h, f
f, h, g
f, h, h
f, h, i
f, h, j
f, h, k
f, h, l
f, h, m
f, h, n
f, h, p
f, h, q
f, h, r
f, h, s
f, h, t
f, h, u
f, h, v
f, h, w
f, h, z
f, h, '
f, i, h
f, i, w
f, j, a
f, j, b
f, j, c
f, j, d
f, j, f
f, j, g
f, j, h
f, j, i
f, j, j
f, j, k
f, j, l
f, j, m
f, j, n
f, j, p
f, j, r
f, j, s
f, j, t
f, j, u
f, j, v
f, j, w
f, j, y
f, j, '
f, k, b
f, k, c
f, k, d
f, k, e
f, k, f
f, k, g
f, k, h
f, k, j
f, k, k
f, k, m
f, k, n
f, k, p
f, k, q
f, k, r
f, k, s
f, k, t
f, k, u
f, k, v
f, k, w
f, k, y
f, k, z
f, k, '
f, l, b
f, l, c
f, l, d
f, l, f
f, l, g
f, l, h
f, l, j
f, l, k
f, l, l
f, l, m
f, l, n
f, l, p
f, l, q
f, l, r
f, l, s
f, l, t
f, l, v
f, l, w
f, l, x
f, l, z
f, l, '
f, m, b
f, m, c
f, m, d
f, m, f
f, m, g
f, m, h
f, m, i
f, m, j
f, m, k
f, m, l
f, m, m
f, m, n
f, m, p
f, m, q
f, m, r
f, m, s
f, m, t
f, m, u
f, m, v
f, m, w
f, m, x
f, m, y
f, m, z
f, m, '
f, n, b
f, n, c
f, n, d
f, n, f
f, n, g
f, n, h
f, n, j
f, n, k
f, n, l
f, n, m
f, n, o
f, n, p
f, n, q
f, n, r
f, n, s
f, n, t
f, n, u
f, n, v
f, n, w
f, n, x
f, n, y
f, n, '
f, o, j
f, o, q
f, o, z
f, p, b
f, p, c
f, p, d
f, p, f
f, p, g
f, p, h
f, p, j
f, p, k
f, p, l
f, p, m
f, p, n
f, p, o
f, p, p
f, p, q
f, p, s
f, p, t
f, p, v
f, p, w
f, p, y
f, p, z
f, p, '
f, r, b
f, r, d
f, r, f
f, r, g
f, r, h
f, r, j
f, r, k
f, r, l
f, r, m
f, r, n
f, r, p
f, r, q
f, r, r
f, r, v
f, r, w
f, r, x
f, r, z
f, r, '
f, s, d
f, s, f
f, s, g
f, s, j
f, s, l
f, s, n
f, s, o
f, s, p
f, s, q
f, s, r
f, s, u
f, s, v
f, s, w
f, s, x
f, s, y
f, s, z
f, t, c
f, t, d
f, t, j
f, t, k
f, t, q
f, t, v
f, t, x
f, t, z
f, u, a
f, u, o
f, u, p
f, u, q
f, u, u
f, u, v
f, u, w
f, u, x
f, u, y
f, v, a
f, v, c
f, v, d
f, v, e
f, v, f
f, v, g
f, v, h
f, v, i
f, v, k
f, v, l
f, v, m
f, v, n
f, v, o
f, v, p
f, v, r
f, v, s
f, v, t
f, v, u
f, v, v
f, v, x
f, v, y
f, v, z
f, v, '
f, w, b
f, w, c
f, w, d
f, w, f
f, w, g
f, w, h
f, w, j
f, w, k
f, w, l
f, w, m
f, w, n
f, w, p
f, w, r
f, w, s
f, w, t
f, w, u
f, w, v
f, w, w
f, w, y
f, w, z
f, w, '
f, y, a
f, y, b
f, y, c
f, y, f
f, y, g
f, y, h
f, y, j
f, y, n
f, y, p
f, y, q
f, y, r
f, y, s
f, y, u
f, y, v
f, y, w
f, y, x
f, y, y
f, y, z
f, z, a
f, z, b
f, z, c
f, z, d
f, z, e
f, z, f
f, z, g
f, z, h
f, z, i
f, z, k
f, z, l
f, z, m
f, z, n
f, z, o
f, z, p
f, z, q
f, z, r
f, z, s
f, z, t
f, z, u
f, z, v
f, z, w
f, z, y
f, z, z
f, z, '
f, ', a
f, ', b
f, ', c
f, ', d
f, ', e
f, ', f
f, ', h
f, ', i
f, ', l
f, ', m
f, ', n
f, ', o
f, ', p
f, ', r
f, ', t
f, ', u
f, ', v
g, a, q
g, a, x
g, b, b
g, b, c
g, b, d
g, b, f
g, b, g
g, b, h
g, b, j
g, b, k
g, b, l
g, b, m
g, b, n
g, b, p
g, b, q
g, b, s
g, b, t
g, b, v
g, b, w
g, b, x
g, b, z
g, b, '
g, c, b
g, c, c
g, c, d
g, c, e
g, c, f
g, c, g
g, c, i
g, c, j
g, c, k
g, c, l
g, c, m
g, c, n
g, c, p
g, c, q
g, c, s
g, c, t
g, c, v
g, c, w
g, c, x
g, c, y
g, c, z
g, c, '
g, d, b
g, d, c
g, d, d
g, d, f
g, d, g
g, d, h
g, d, j
g, d, k
g, d, l
g, d, m
g, d, n
g, d, p
g, d, q
g, d, s
g, d, t
g, d, v
g, d, w
g, d, x
g, d, y
g, d, z
g, d, '
g, e, j
g, e, q
g, e, x
g, f, b
g, f, c
g, f, d
g, f, f
g, f, g
g, f, h
g, f, j
g, f, k
g, f, m
g, f, p
g, f, s
g, f, t
g, f, v
g, f, w
g, f, y
g, f, z
g, f, '
g, g, b
g, g, d
g, g, f
g, g, g
g, g, j
g, g, k
g, g, q
g, g, t
g, g, v
g, g, w
g, g, z
g, h, q
g, h, v
g, h, z
g, i, q
g, i, w
g, i, x
g, i, y
g, j, b
g, j, c
g, j, d
g, j, f
g, j, g
g, j, h
g, j, j
g, j, k
g, j, l
g, j, m
g, j, n
g, j, o
g, j, p
g, j, r
g, j, s
g, j, t
g, j, v
g, j, w
g, j, y
g, j, '
g, k, b
g, k, c
g, k, d
g, k, f
g, k, g
g, k, h
g, k, j
g, k, k
g, k, m
g, k, n
g, k, p
g, k, q
g, k, r
g, k, s
g, k, t
g, k, u
g, k, v
g, k, w
g, k, y
g, k, z
g, l, b
g, l, c
g, l, d
g, l, f
g, l, g
g, l, h
g, l, j
g, l, k
g, l, l
g, l, m
g, l, n
g, l, p
g, l, q
g, l, r
g, l, s
g, l, t
g, l, v
g, l, w
g, l, x
g, l, z
g, m, b
g, m, c
g, m, d
g, m, f
g, m, g
g, m, h
g, m, j
g, m, k
g, m, l
g, m, m
g, m, n
g, m, p
g, m, q
g, m, r
g, m, t
g, m, v
g, m, w
g, m, x
g, m, z
g, n, b
g, n, c
g, n, d
g, n, g
g, n, h
g, n, j
g, n, k
g, n, q
g, n, r
g, n, v
g, n, w
g, n, x
g, n, z
g, o, j
g, o, q
g, p, b
g, p, c
g, p, d
g, p, f
g, p, g
g, p, h
g, p, j
g, p, k
g, p, m
g, p, n
g, p, p
g, p, q
g, p, s
g, p, t
g, p, v
g, p, w
g, p, y
g, p, z
g, p, '
g, q, a
g, q, b
g, q, c
g, q, d
g, q, e
g, q, i
g, q, l
g, q, m
g, q, n
g, q, o
g, q, q
g, q, r
g, q, s
g, q, t
g, q, u
g, q, w
g, q, '
g, r, b
g, r, c
g, r, d
g, r, f
g, r, g
g, r, h
g, r, j
g, r, k
g, r, l
g, r, m
g, r, n
g, r, p
g, r, q
g, r, r
g, r, s
g, r, t
g, r, v
g, r, w
g, r, x
g, r, z
g, s, g
g, s, j
g, s, q
g, s, r
g, s, s
g, s, x
g, s, y
g, s, z
g, t, b
g, t, c
g, t, d
g, t, f
g, t, g
g, t, j
g, t, k
g, t, l
g, t, m
g, t, n
g, t, p
g, t, q
g, t, s
g, t, t
g, t, v
g, t, w
g, t, x
g, t, y
g, u, k
g, u, q
g, u, u
g, u, w
g, u, x
g, v, c
g, v, d
g, v, f
g, v, g
g, v, h
g, v, k
g, v, l
g, v, m
g, v, n
g, v, o
g, v, p
g, v, r
g, v, s
g, v, t
g, v, u
g, v, v
g, v, x
g, v, y
g, v, z
g, v, '
g, w, b
g, w, c
g, w, d
g, w, f
g, w, g
g, w, j
g, w, k
g, w, l
g, w, m
g, w, n
g, w, p
g, w, s
g, w, t
g, w, v
g, w, w
g, w, z
g, w, '
g, y, c
g, y, f
g, y, h
g, y, j
g, y, k
g, y, q
g, y, u
g, y, x
g, y, y
g, z, b
g, z, c
g, z, d
g, z, e
g, z, f
g, z, g
g, z, i
g, z, k
g, z, l
g, z, m
g, z, n
g, z, o
g, z, p
g, z, q
g, z, r
g, z, s
g, z, t
g, z, u
g, z, v
g, z, w
g, z, y
g, z, z
g, z, '
g, ', a
g, ', b
g, ', c
g, ', d
g, ', e
g, ', f
g, ', h
g, ', i
g, ', l
g, ', m
g, ', n
g, ', o
g, ', p
g, ', r
g, ', t
g, ', u
g, ', v
h, b, b
h, b, c
h, b, d
h, b, f
h, b, g
h, b, h
h, b, j
h, b, k
h, b, m
h, b, n
h, b, p
h, b, q
h, b, s
h, b, t
h, b, v
h, b, w
h, b, x
h, b, z
h, b, '
h, c, b
h, c, c
h, c, d
h, c, e
h, c, f
h, c, g
h, c, i
h, c, j
h, c, k
h, c, m
h, c, n
h, c, p
h, c, q
h, c, s
h, c, t
h, c, v
h, c, w
h, c, x
h, c, y
h, c, z
h, c, '
h, d, b
h, d, c
h, d, d
h, d, f
h, d, g
h, d, h
h, d, j
h, d, k
h, d, m
h, d, n
h, d, p
h, d, q
h, d, s
h, d, t
h, d, v
h, d, w
h, d, x
h, d, y
h, d, z
h, f, b
h, f, c
h, f, d
h, f, f
h, f, g
h, f, h
h, f, j
h, f, k
h, f, m
h, f, n
h, f, p
h, f, r
h, f, s
h, f, v
h, f, w
h, f, y
h, f, z
h, g, b
h, g, c
h, g, d
h, g, f
h, g, g
h, g, h
h, g, j
h, g, k
h, g, l
h, g, m
h, g, n
h, g, p
h, g, q
h, g, s
h, g, t
h, g, v
h, g, w
h, g, y
h, g, z
h, g, '
h, h, b
h, h, c
h, h, d
h, h, f
h, h, g
h, h, h
h, h, j
h, h, k
h, h, l
h, h, m
h, h, n
h, h, p
h, h, q
h, h, r
h, h, s
h, h, t
h, h, u
h, h, v
h, h, w
h, h, z
h, h, '
h, j, b
h, j, c
h, j, d
h, j, f
h, j, g
h, j, h
h, j, j
h, j, k
h, j, l
h, j, m
h, j, n
h, j, p
h, j, r
h, j, s
h, j, t
h, j, u
h, j, v
h, j, w
h, j, y
h, j, '
h, k, b
h, k, c
h, k, d
h, k, f
h, k, g
h, k, h
h, k, j
h, k, k
h, k, l
h, k, m
h, k, p
h, k, q
h, k, r
h, k, s
h, k, t
h, k, v
h, k, w
h, k, y
h, k, z
h, k, '
h, l, c
h, l, d
h, l, f
h, l, j
h, l, k
h, l, l
h, l, n
h, l, p
h, l, q
h, l, r
h, l, t
h, l, v
h, l, w
h, l, x
h, l, z
h, m, b
h, m, c
h, m, d
h, m, f
h, m, h
h, m, j
h, m, k
h, m, l
h, m, p
h, m, q
h, m, r
h, m, t
h, m, v
h, m, w
h, m, x
h, m, z
h, n, f
h, n, g
h, n, h
h, n, j
h, n, l
h, n, m
h, n, p
h, n, q
h, n, r
h, n, t
h, n, v
h, n, w
h, n, x
h, n, z
h, p, b
h, p, c
h, p, d
h, p, f
h, p, g
h, p, j
h, p, k
h, p, m
h, p, n
h, p, q
h, p, s
h, p, t
h, p, v
h, p, w
h, p, y
h, p, z
h, p, '
h, q, a
h, q, b
h, q, c
h, q, d
h, q, e
h, q, i
h, q, l
h, q, m
h, q, n
h, q, o
h, q, q
h, q, r
h, q, s
h, q, t
h, q, w
h, q, '
h, r, b
h, r, c
h, r, f
h, r, g
h, r, h
h, r, j
h, r, k
h, r, n
h, r, p
h, r, q
h, r, r
h, r, t
h, r, v
h, r, w
h, r, x
h, s, d
h, s, f
h, s, g
h, s, j
h, s, n
h, s, q
h, s, r
h, s, u
h, s, w
h, s, x
h, s, y
h, s, z
h, t, d
h, t, q
h, t, v
h, t, x
h, t, z
h, u, o
h, u, q
h, u, w
h, v, c
h, v, d
h, v, f
h, v, g
h, v, h
h, v, k
h, v, l
h, v, m
h, v, n
h, v, o
h, v, p
h, v, r
h, v, s
h, v, t
h, v, u
h, v, v
h, v, x
h, v, y
h, v, z
h, v, '
h, w, b
h, w, c
h, w, d
h, w, f
h, w, g
h, w, j
h, w, k
h, w, l
h, w, m
h, w, n
h, w, p
h, w, s
h, w, t
h, w, u
h, w, v
h, w, w
h, w, z
h, w, '
h, y, f
h, y, j
h, y, k
h, y, q
h, y, v
h, y, w
h, y, y
h, y, z
h, z, b
h, z, c
h, z, d
h, z, f
h, z, g
h, z, h
h, z, k
h, z, l
h, z, m
h, z, n
h, z, p
h, z, q
h, z, r
h, z, s
h, z, t
h, z, u
h, z, v
h, z, w
h, z, y
h, z, z
h, z, '
h, ', a
h, ', b
h, ', c
h, ', d
h, ', e
h, ', f
h, ', h
h, ', i
h, ', l
h, ', m
h, ', n
h, ', o
h, ', p
h, ', r
h, ', t
h, ', u
h, ', v
i, a, y
i, b, f
i, b, j
i, b, k
i, b, p
i, b, q
i, b, t
i, b, v
i, b, x
i, b, z
i, c, f
i, c, g
i, c, j
i, c, v
i, c, x
i, d, q
i, d, x
i, f, b
i, f, c
i, f, g
i, f, h
i, f, j
i, f, k
i, f, m
i, f, n
i, f, p
i, f, v
i, f, w
i, f, z
i, g, c
i, g, k
i, g, q
i, h, b
i, h, c
i, h, d
i, h, f
i, h, g
i, h, h
i, h, j
i, h, k
i, h, m
i, h, n
i, h, p
i, h, q
i, h, t
i, h, v
i, h, z
i, i, b
i, i, c
i, i, g
i, i, h
i, i, j
i, i, k
i, i, q
i, i, r
i, i, v
i, i, w
i, i, x
i, i, y
i, i, z
i, j, b
i, j, c
i, j, d
i, j, f
i, j, g
i, j, h
i, j, j
i, j, l
i, j, p
i, j, t
i, j, v
i, j, w
i, j, y
i, j, '
i, k, b
i, k, c
i, k, f
i, k, g
i, k, j
i, k, p
i, k, q
i, k, w
i, k, z
i, l, j
i, l, x
i, m, j
i, m, q
i, m, v
i, m, x
i, m, z
i, o, q
i, p, g
i, p, q
i, p, v
i, p, z
i, q, b
i, q, c
i, q, d
i, q, e
i, q, i
i, q, l
i, q, m
i, q, n
i, q, o
i, q, q
i, q, r
i, q, t
i, q, w
i, r, j
i, r, x
i, s, x
i, t, q
i, t, x
i, u, f
i, u, g
i, u, h
i, u, i
i, u, q
i, u, u
i, u, v
i, u, w
i, u, x
i, u, y
i, u, z
i, v, c
i, v, d
i, v, f
i, v, g
i, v, h
i, v, m
i, v, n
i, v, p
i, v, t
i, v, x
i, v, z
i, w, b
i, w, c
i, w, d
i, w, f
i, w, g
i, w, j
i, w, k
i, w, l
i, w, m
i, w, n
i, w, p
i, w, r
i, w, s
i, w, t
i, w, v
i, w, w
i, w, y
i, w, z
i, w, '
i, x, b
i, x, c
i, x, d
i, x, g
i, x, h
i, x, k
i, x, q
i, x, r
i, x, v
i, x, w
i, x, x
i, y, b
i, y, c
i, y, d
i, y, f
i, y, g
i, y, h
i, y, j
i, y, k
i, y, l
i, y, m
i, y, p
i, y, q
i, y, r
i, y, s
i, y, t
i, y, v
i, y, w
i, y, x
i, y, y
i, y, z
i, y, '
i, z, f
i, z, g
i, z, p
i, z, q
i, z, w
i, ', a
i, ', b
i, ', c
i, ', d
i, ', e
i, ', f
i, ', h
i, ', i
i, ', l
i, ', m
i, ', n
i, ', o
i, ', p
i, ', r
i, ', t
i, ', u
i, ', v
j, a, o
j, b, a
j, b, b
j, b, c
j, b, d
j, b, e
j, b, f
j, b, g
j, b, h
j, b, i
j, b, j
j, b, k
j, b, l
j, b, m
j, b, n
j, b, o
j, b, p
j, b, q
j, b, r
j, b, s
j, b, t
j, b, u
j, b, v
j, b, w
j, b, x
j, b, y
j, b, z
j, b, '
j, c, a
j, c, b
j, c, c
j, c, d
j, c, e
j, c, f
j, c, g
j, c, h
j, c, i
j, c, j
j, c, k
j, c, l
j, c, m
j, c, n
j, c, o
j, c, p
j, c, q
j, c, r
j, c, s
j, c, t
j, c, u
j, c, v
j, c, w
j, c, x
j, c, y
j, c, z
j, c, '
j, d, b
j, d, c
j, d, d
j, d, e
j, d, f
j, d, g
j, d, h
j, d, j
j, d, k
j, d, l
j, d, m
j, d, n
j, d, o
j, d, p
j, d, q
j, d, r
j, d, s
j, d, t
j, d, u
j, d, v
j, d, w
j, d, x
j, d, y
j, d, z
j, d, '
j, e, x
j, e, y
j, f, a
j, f, b
j, f, c
j, f, d
j, f, e
j, f, f
j, f, g
j, f, h
j, f, i
j, f, j
j, f, k
j, f, l
j, f, m
j, f, n
j, f, o
j, f, p
j, f, r
j, f, s
j, f, t
j, f, u
j, f, v
j, f, w
j, f, y
j, f, z
j, f, '
j, g, a
j, g, b
j, g, c
j, g, d
j, g, e
j, g, f
j, g, g
j, g, h
j, g, i
j, g, j
j, g, k
j, g, l
j, g, m
j, g, n
j, g, o
j, g, p
j, g, q
j, g, r
j, g, s
j, g, t
j, g, u
j, g, v
j, g, w
j, g, y
j, g, z
j, g, '
j, h, b
j, h, c
j, h, d
j, h, e
j, h, f
j, h, g
j, h, h
j, h, i
j, h, j
j, h, k
j, h, l
j, h, m
j, h, n
j, h, o
j, h, p
j, h, q
j, h, r
j, h, s
j, h, t
j, h, u
j, h, v
j, h, w
j, h, y
j, h, z
j, h, '
j, i, i
j, i, j
j, i, o
j, i, q
j, i, w
j, i, x
j, i, y
j, j, a
j, j, b
j, j, c
j, j, d
j, j, e
j, j, f
j, j, g
j, j, h
j, j, i
j, j, j
j, j, k
j, j, l
j, j, m
j, j, n
j, j, o
j, j, p
j, j, r
j, j, s
j, j, t
j, j, u
j, j, v
j, j, w
j, j, y
j, j, '
j, k, b
j, k, c
j, k, d
j, k, e
j, k, f
j, k, g
j, k, h
j, k, i
j, k, j
j, k, k
j, k, l
j, k, m
j, k, n
j, k, o
j, k, p
j, k, q
j, k, r
j, k, t
j, k, u
j, k, v
j, k, w
j, k, y
j, k, z
j, k, '
j, l, a
j, l, b
j, l, c
j, l, d
j, l, e
j, l, f
j, l, g
j, l, h
j, l, j
j, l, k
j, l, l
j, l, m
j, l, n
j, l, o
j, l, p
j, l, q
j, l, r
j, l, s
j, l, t
j, l, u
j, l, v
j, l, w
j, l, x
j, l, y
j, l, z
j, l, '
j, m, a
j, m, b
j, m, c
j, m, d
j, m, e
j, m, f
j, m, g
j, m, h
j, m, i
j, m, j
j, m, k
j, m, l
j, m, m
j, m, n
j, m, o
j, m, p
j, m, q
j, m, r
j, m, s
j, m, t
j, m, u
j, m, v
j, m, w
j, m, x
j, m, y
j, m, z
j, m, '
j, n, b
j, n, c
j, n, d
j, n, e
j, n, f
j, n, g
j, n, i
j, n, j
j, n, k
j, n, l
j, n, m
j, n, n
j, n, o
j, n, p
j, n, q
j, n, r
j, n, s
j, n, t
j, n, u
j, n, v
j, n, w
j, n, x
j, n, y
j, n, z
j, n, '
j, o, f
j, o, j
j, o, q
j, o, x
j, p, a
j, p, b
j, p, c
j, p, d
j, p, e
j, p, f
j, p, g
j, p, h
j, p, i
j, p, j
j, p, k
j, p, l
j, p, m
j, p, n
j, p, o
j, p, p
j, p, q
j, p, r
j, p, s
j, p, t
j, p, v
j, p, w
j, p, y
j, p, z
j, p, '
j, r, b
j, r, c
j, r, d
j, r, e
j, r, f
j, r, g
j, r, h
j, r, i
j, r, j
j, r, k
j, r, l
j, r, m
j, r, n
j, r, o
j, r, p
j, r, q
j, r, r
j, r, s
j, r, t
j, r, u
j, r, v
j, r, w
j, r, x
j, r, y
j, r, z
j, r, '
j, s, b
j, s, c
j, s, d
j, s, e
j, s, f
j, s, g
j, s, h
j, s, i
j, s, j
j, s, k
j, s, l
j, s, m
j, s, n
j, s, o
j, s, p
j, s, q
j, s, r
j, s, s
j, s, u
j, s, v
j, s, w
j, s, x
j, s, y
j, s, z
j, s, '
j, t, a
j, t, b
j, t, c
j, t, d
j, t, e
j, t, f
j, t, g
j, t, h
j, t, i
j, t, j
j, t, k
j, t, l
j, t, m
j, t, n
j, t, o
j, t, p
j, t, q
j, t, r
j, t, s
j, t, t
j, t, u
j, t, v
j, t, w
j, t, x
j, t, y
j, t, z
j, t, '
j, u, f
j, u, h
j, u, o
j, u, q
j, u, u
j, u, w
j, u, y
j, u, z
j, v, a
j, v, c
j, v, d
j, v, e
j, v, f
j, v, g
j, v, h
j, v, i
j, v, k
j, v, l
j, v, m
j, v, n
j, v, o
j, v, p
j, v, r
j, v, s
j, v, t
j, v, u
j, v, v
j, v, x
j, v, y
j, v, z
j, v, '
j, w, b
j, w, c
j, w, d
j, w, e
j, w, f
j, w, g
j, w, h
j, w, i
j, w, j
j, w, k
j, w, l
j, w, m
j, w, n
j, w, o
j, w, p
j, w, r
j, w, s
j, w, t
j, w, u
j, w, v
j, w, w
j, w, y
j, w, z
j, w, '
j, y, a
j, y, b
j, y, c
j, y, d
j, y, e
j, y, f
j, y, g
j, y, h
j, y, i
j, y, j
j, y, k
j, y, l
j, y, m
j, y, o
j, y, p
j, y, q
j, y, r
j, y, s
j, y, t
j, y, u
j, y, v
j, y, w
j, y, x
j, y, y
j, y, z
j, y, '
j, ', a
j, ', b
j, ', c
j, ', d
j, ', e
j, ', f
j, ', h
j, ', i
j, ', l
j, ', m
j, ', n
j, ', o
j, ', p
j, ', r
j, ', t
j, ', u
j, ', v
k, a, q
k, b, b
k, b, c
k, b, d
k, b, f
k, b, g
k, b, h
k, b, j
k, b, k
k, b, m
k, b, n
k, b, p
k, b, q
k, b, s
k, b, t
k, b, v
k, b, w
k, b, x
k, b, y
k, b, z
k, b, '
k, c, b
k, c, c
k, c, d
k, c, e
k, c, f
k, c, g
k, c, j
k, c, k
k, c, m
k, c, n
k, c, p
k, c, q
k, c, s
k, c, t
k, c, v
k, c, w
k, c, x
k, c, y
k, c, z
k, c, '
k, d, b
k, d, c
k, d, d
k, d, f
k, d, g
k, d, h
k, d, i
k, d, j
k, d, k
k, d, l
k, d, m
k, d, n
k, d, p
k, d, q
k, d, s
k, d, t
k, d, u
k, d, v
k, d, w
k, d, x
k, d, y
k, d, z
k, d, '
k, e, q
k, e, z
k, f, b
k, f, c
k, f, d
k, f, f
k, f, g
k, f, h
k, f, j
k, f, k
k, f, m
k, f, n
k, f, p
k, f, s
k, f, t
k, f, v
k, f, w
k, f, y
k, f, z
k, f, '
k, g, b
k, g, c
k, g, d
k, g, f
k, g, g
k, g, h
k, g, i
k, g, j
k, g, k
k, g, l
k, g, m
k, g, n
k, g, p
k, g, q
k, g, s
k, g, t
k, g, v
k, g, w
k, g, y
k, g, z
k, g, '
k, h, b
k, h, c
k, h, f
k, h, g
k, h, h
k, h, j
k, h, k
k, h, p
k, h, q
k, h, v
k, i, q
k, i, x
k, j, b
k, j, c
k, j, d
k, j, f
k, j, g
k, j, h
k, j, i
k, j, j
k, j, k
k, j, l
k, j, m
k, j, n
k, j, p
k, j, r
k, j, s
k, j, t
k, j, v
k, j, w
k, j, y
k, j, '
k, k, b
k, k, c
k, k, d
k, k, f
k, k, g
k, k, h
k, k, j
k, k, k
k, k, l
k, k, m
k, k, p
k, k, q
k, k, r
k, k, s
k, k, t
k, k, v
k, k, w
k, k, z
k, k, '
k, l, b
k, l, c
k, l, d
k, l, f
k, l, g
k, l, h
k, l, j
k, l, k
k, l, l
k, l, m
k, l, n
k, l, p
k, l, q
k, l, r
k, l, s
k, l, t
k, l, v
k, l, w
k, l, x
k, l, z
k, l, '
k, m, b
k, m, c
k, m, d
k, m, f
k, m, g
k, m, h
k, m, j
k, m, k
k, m, l
k, m, m
k, m, n
k, m, p
k, m, q
k, m, r
k, m, s
k, m, t
k, m, v
k, m, w
k, m, x
k, m, y
k, m, z
k, m, '
k, n, b
k, n, c
k, n, d
k, n, f
k, n, g
k, n, h
k, n, j
k, n, k
k, n, l
k, n, m
k, n, n
k, n, p
k, n, q
k, n, r
k, n, s
k, n, t
k, n, v
k, n, w
k, n, x
k, n, y
k, n, z
k, n, '
k, o, q
k, p, b
k, p, c
k, p, d
k, p, f
k, p, g
k, p, j
k, p, k
k, p, m
k, p, n
k, p, p
k, p, q
k, p, s
k, p, t
k, p, v
k, p, w
k, p, y
k, p, z
k, p, '
k, q, a
k, q, b
k, q, c
k, q, d
k, q, e
k, q, i
k, q, l
k, q, m
k, q, n
k, q, o
k, q, q
k, q, r
k, q, s
k, q, t
k, q, w
k, q, '
k, r, b
k, r, c
k, r, d
k, r, f
k, r, g
k, r, h
k, r, j
k, r, k
k, r, l
k, r, m
k, r, n
k, r, p
k, r, q
k, r, r
k, r, s
k, r, t
k, r, v
k, r, w
k, r, x
k, r, z
k, r, '
k, s, j
k, s, q
k, s, r
k, s, s
k, s, x
k, s, z
k, t, b
k, t, c
k, t, d
k, t, f
k, t, g
k, t, j
k, t, k
k, t, l
k, t, m
k, t, n
k, t, p
k, t, q
k, t, t
k, t, v
k, t, w
k, t, x
k, t, z
k, u, j
k, u, q
k, u, u
k, u, x
k, v, c
k, v, d
k, v, f
k, v, g
k, v, h
k, v, k
k, v, l
k, v, m
k, v, n
k, v, p
k, v, r
k, v, s
k, v, t
k, v, u
k, v, v
k, v, x
k, v, y
k, v, z
k, v, '
k, w, b
k, w, c
k, w, d
k, w, f
k, w, g
k, w, j
k, w, k
k, w, l
k, w, m
k, w, n
k, w, p
k, w, s
k, w, t
k, w, v
k, w, w
k, w, y
k, w, z
k, w, '
k, y, g
k, y, q
k, y, v
k, y, x
k, y, y
k, y, z
k, z, b
k, z, c
k, z, d
k, z, e
k, z, f
k, z, g
k, z, h
k, z, i
k, z, k
k, z, l
k, z, m
k, z, n
k, z, o
k, z, p
k, z, q
k, z, r
k, z, s
k, z, t
k, z, u
k, z, v
k, z, w
k, z, y
k, z, z
k, z, '
k, ', a
k, ', b
k, ', c
k, ', d
k, ', e
k, ', f
k, ', h
k, ', i
k, ', l
k, ', m
k, ', n
k, ', o
k, ', p
k, ', r
k, ', t
k, ', u
k, ', v
l, b, b
l, b, c
l, b, d
l, b, f
l, b, g
l, b, h
l, b, j
l, b, k
l, b, m
l, b, n
l, b, p
l, b, q
l, b, t
l, b, v
l, b, w
l, b, x
l, b, z
l, c, b
l, c, f
l, c, g
l, c, j
l, c, n
l, c, p
l, c, q
l, c, v
l, c, w
l, c, x
l, c, z
l, c, '
l, d, j
l, d, k
l, d, q
l, d, x
l, d, z
l, f, j
l, f, v
l, f, z
l, g, b
l, g, c
l, g, d
l, g, f
l, g, g
l, g, j
l, g, k
l, g, m
l, g, n
l, g, p
l, g, q
l, g, s
l, g, t
l, g, v
l, g, w
l, g, z
l, g, '
l, h, b
l, h, c
l, h, d
l, h, f
l, h, g
l, h, h
l, h, j
l, h, k
l, h, l
l, h, m
l, h, n
l, h, p
l, h, q
l, h, r
l, h, s
l, h, t
l, h, v
l, h, w
l, h, z
l, h, '
l, j, b
l, j, c
l, j, d
l, j, f
l, j, g
l, j, h
l, j, i
l, j, j
l, j, k
l, j, l
l, j, m
l, j, n
l, j, p
l, j, r
l, j, s
l, j, t
l, j, v
l, j, w
l, j, y
l, j, '
l, k, c
l, k, d
l, k, j
l, k, k
l, k, q
l, k, r
l, k, z
l, l, j
l, l, q
l, l, x
l, l, z
l, m, f
l, m, j
l, m, k
l, m, p
l, m, q
l, m, r
l, m, t
l, m, v
l, m, x
l, m, z
l, n, b
l, n, c
l, n, f
l, n, g
l, n, h
l, n, j
l, n, k
l, n, l
l, n, m
l, n, n
l, n, p
l, n, q
l, n, r
l, n, v
l, n, w
l, n, x
l, n, y
l, n, z
l, p, b
l, p, c
l, p, g
l, p, j
l, p, k
l, p, p
l, p, q
l, p, v
l, p, z
l, q, a
l, q, b
l, q, c
l, q, d
l, q, e
l, q, i
l, q, l
l, q, m
l, q, n
l, q, o
l, q, q
l, q, r
l, q, s
l, q, t
l, q, w
l, q, '
l, r, b
l, r, c
l, r, d
l, r, f
l, r, g
l, r, h
l, r, j
l, r, k
l, r, l
l, r, m
l, r, n
l, r, p
l, r, q
l, r, r
l, r, t
l, r, v
l, r, w
l, r, x
l, r, z
l, r, '
l, s, j
l, s, q
l, s, x
l, s, z
l, t, j
l, t, k
l, t, q
l, t, t
l, t, x
l, u, q
l, u, u
l, v, c
l, v, d
l, v, f
l, v, g
l, v, h
l, v, k
l, v, l
l, v, m
l, v, p
l, v, r
l, v, s
l, v, t
l, v, v
l, v, x
l, v, z
l, v, '
l, w, b
l, w, c
l, w, d
l, w, f
l, w, g
l, w, j
l, w, k
l, w, l
l, w, m
l, w, n
l, w, p
l, w, s
l, w, t
l, w, v
l, w, w
l, w, z
l, w, '
l, x, b
l, x, c
l, x, d
l, x, e
l, x, f
l, x, g
l, x, h
l, x, i
l, x, k
l, x, l
l, x, m
l, x, n
l, x, o
l, x, p
l, x, q
l, x, r
l, x, s
l, x, t
l, x, u
l, x, v
l, x, w
l, x, x
l, x, y
l, y, j
l, y, q
l, y, y
l, z, b
l, z, c
l, z, d
l, z, f
l, z, g
l, z, k
l, z, l
l, z, m
l, z, n
l, z, p
l, z, q
l, z, r
l, z, s
l, z, t
l, z, u
l, z, v
l, z, w
l, z, y
l, z, z
l, ', b
l, ', c
l, ', d
l, ', e
l, ', f
l, ', h
l, ', i
l, ', l
l, ', m
l, ', n
l, ', p
l, ', r
l, ', t
l, ', u
l, ', v
m, b, g
m, b, j
m, b, q
m, b, v
m, b, x
m, b, z
m, c, j
m, c, t
m, c, x
m, c, y
m, c, z
m, c, '
m, d, b
m, d, c
m, d, d
m, d, g
m, d, h
m, d, j
m, d, k
m, d, l
m, d, n
m, d, p
m, d, q
m, d, s
m, d, v
m, d, w
m, d, x
m, d, y
m, d, z
m, f, b
m, f, c
m, f, d
m, f, f
m, f, g
m, f, h
m, f, j
m, f, k
m, f, m
m, f, n
m, f, p
m, f, s
m, f, t
m, f, v
m, f, w
m, f, y
m, f, z
m, f, '
m, g, b
m, g, c
m, g, d
m, g, f
m, g, g
m, g, i
m, g, j
m, g, k
m, g, l
m, g, m
m, g, n
m, g, o
m, g, p
m, g, q
m, g, s
m, g, v
m, g, w
m, g, z
m, g, '
m, h, b
m, h, c
m, h, d
m, h, f
m, h, g
m, h, h
m, h, j
m, h, k
m, h, l
m, h, m
m, h, n
m, h, p
m, h, q
m, h, r
m, h, s
m, h, t
m, h, v
m, h, w
m, h, y
m, h, z
m, h, '
m, j, b
m, j, c
m, j, d
m, j, e
m, j, f
m, j, g
m, j, h
m, j, i
m, j, j
m, j, k
m, j, l
m, j, m
m, j, n
m, j, p
m, j, r
m, j, s
m, j, t
m, j, v
m, j, w
m, j, y
m, j, '
m, k, b
m, k, c
m, k, d
m, k, f
m, k, g
m, k, j
m, k, k
m, k, l
m, k, m
m, k, n
m, k, o
m, k, p
m, k, q
m, k, r
m, k, s
m, k, t
m, k, v
m, k, w
m, k, y
m, k, z
m, k, '
m, l, b
m, l, c
m, l, d
m, l, f
m, l, g
m, l, h
m, l, j
m, l, k
m, l, l
m, l, m
m, l, n
m, l, p
m, l, q
m, l, r
m, l, s
m, l, t
m, l, v
m, l, w
m, l, x
m, l, z
m, l, '
m, m, b
m, m, c
m, m, d
m, m, f
m, m, g
m, m, j
m, m, k
m, m, m
m, m, n
m, m, p
m, m, q
m, m, r
m, m, t
m, m, v
m, m, w
m, m, x
m, m, z
m, n, b
m, n, c
m, n, d
m, n, f
m, n, g
m, n, h
m, n, j
m, n, k
m, n, m
m, n, p
m, n, q
m, n, r
m, n, t
m, n, v
m, n, w
m, n, x
m, n, z
m, p, g
m, p, j
m, p, q
m, p, v
m, p, z
m, q, a
m, q, b
m, q, c
m, q, d
m, q, e
m, q, i
m, q, l
m, q, m
m, q, n
m, q, o
m, q, q
m, q, r
m, q, s
m, q, t
m, q, w
m, q, '
m, r, b
m, r, c
m, r, d
m, r, f
m, r, g
m, r, h
m, r, j
m, r, k
m, r, l
m, r, m
m, r, n
m, r, p
m, r, q
m, r, r
m, r, t
m, r, v
m, r, w
m, r, x
m, r, z
m, s, j
m, s, n
m, s, q
m, s, r
m, s, x
m, s, z
m, t, c
m, t, d
m, t, f
m, t, g
m, t, j
m, t, k
m, t, l
m, t, m
m, t, n
m, t, p
m, t, q
m, t, t
m, t, u
m, t, v
m, t, w
m, t, x
m, t, y
m, t, z
m, t, '
m, u, b
m, u, v
m, u, w
m, u, x
m, v, c
m, v, d
m, v, f
m, v, g
m, v, h
m, v, k
m, v, l
m, v, m
m, v, n
m, v, p
m, v, r
m, v, s
m, v, t
m, v, u
m, v, v
m, v, x
m, v, y
m, v, z
m, v, '
m, w, b
m, w, c
m, w, d
m, w, f
m, w, g
m, w, j
m, w, k
m, w, l
m, w, m
m, w, n
m, w, p
m, w, r
m, w, s
m, w, t
m, w, u
m, w, v
m, w, w
m, w, y
m, w, z
m, w, '
m, x, a
m, x, b
m, x, c
m, x, d
m, x, e
m, x, f
m, x, g
m, x, h
m, x, i
m, x, k
m, x, l
m, x, m
m, x, n
m, x, o
m, x, p
m, x, q
m, x, r
m, x, s
m, x, t
m, x, u
m, x, v
m, x, w
m, x, x
m, x, y
m, x, '
m, y, f
m, y, h
m, y, q
m, y, u
m, y, v
m, y, y
m, z, b
m, z, c
m, z, d
m, z, f
m, z, g
m, z, h
m, z, i
m, z, k
m, z, l
m, z, m
m, z, n
m, z, o
m, z, p
m, z, q
m, z, r
m, z, s
m, z, t
m, z, u
m, z, v
m, z, w
m, z, z
m, z, '
m, ', a
m, ', b
m, ', c
m, ', d
m, ', e
m, ', f
m, ', h
m, ', i
m, ', l
m, ', m
m, ', n
m, ', o
m, ', p
m, ', r
m, ', t
m, ', u
m, ', v
n, b, b
n, b, c
n, b, d
n, b, f
n, b, g
n, b, h
n, b, j
n, b, k
n, b, m
n, b, n
n, b, p
n, b, q
n, b, s
n, b, t
n, b, v
n, b, w
n, b, x
n, b, z
n, b, '
n, c, b
n, c, d
n, c, f
n, c, g
n, c, j
n, c, p
n, c, q
n, c, v
n, c, w
n, c, x
n, c, z
n, d, x
n, f, b
n, f, c
n, f, d
n, f, g
n, f, h
n, f, j
n, f, k
n, f, m
n, f, n
n, f, p
n, f, s
n, f, t
n, f, v
n, f, w
n, f, z
n, f, '
n, g, q
n, h, b
n, h, c
n, h, d
n, h, f
n, h, g
n, h, h
n, h, j
n, h, k
n, h, l
n, h, m
n, h, n
n, h, p
n, h, q
n, h, r
n, h, t
n, h, v
n, h, z
n, j, b
n, j, c
n, j, d
n, j, f
n, j, g
n, j, h
n, j, j
n, j, k
n, j, l
n, j, m
n, j, n
n, j, p
n, j, r
n, j, s
n, j, t
n, j, v
n, j, w
n, j, y
n, j, '
n, k, j
n, k, k
n, k, q
n, k, v
n, k, z
n, l, b
n, l, c
n, l, d
n, l, f
n, l, g
n, l, h
n, l, j
n, l, k
n, l, l
n, l, m
n, l, n
n, l, p
n, l, q
n, l, r
n, l, s
n, l, t
n, l, v
n, l, w
n, l, x
n, l, z
n, l, '
n, m, b
n, m, c
n, m, d
n, m, f
n, m, g
n, m, h
n, m, j
n, m, k
n, m, l
n, m, m
n, m, n
n, m, p
n, m, q
n, m, r
n, m, s
n, m, t
n, m, v
n, m, w
n, m, x
n, m, z
n, m, '
n, n, c
n, n, g
n, n, j
n, n, p
n, n, q
n, n, t
n, n, x
n, n, z
n, p, b
n, p, c
n, p, d
n, p, g
n, p, j
n, p, k
n, p, m
n, p, n
n, p, p
n, p, q
n, p, t
n, p, v
n, p, w
n, p, z
n, p, '
n, q, a
n, q, b
n, q, c
n, q, d
n, q, e
n, q, i
n, q, l
n, q, m
n, q, n
n, q, o
n, q, q
n, q, r
n, q, s
n, q, t
n, q, w
n, q, '
n, r, b
n, r, c
n, r, d
n, r, f
n, r, g
n, r, j
n, r, k
n, r, l
n, r, m
n, r, n
n, r, p
n, r, q
n, r, r
n, r, s
n, r, t
n, r, v
n, r, w
n, r, x
n, r, z
n, r, '
n, s, x
n, s, z
n, t, k
n, t, q
n, t, x
n, u, h
n, u, j
n, u, q
n, u, w
n, v, c
n, v, d
n, v, f
n, v, g
n, v, h
n, v, k
n, v, l
n, v, m
n, v, n
n, v, p
n, v, r
n, v, s
n, v, t
n, v, v
n, v, x
n, v, z
n, v, '
n, w, b
n, w, c
n, w, d
n, w, f
n, w, g
n, w, j
n, w, k
n, w, l
n, w, m
n, w, n
n, w, p
n, w, s
n, w, t
n, w, u
n, w, v
n, w, w
n, w, z
n, w, '
n, x, a
n, x, b
n, x, c
n, x, d
n, x, f
n, x, g
n, x, h
n, x, k
n, x, l
n, x, m
n, x, n
n, x, o
n, x, p
n, x, q
n, x, r
n, x, s
n, x, u
n, x, v
n, x, w
n, x, x
n, x, y
n, y, j
n, y, v
n, y, y
n, y, z
n, z, c
n, z, d
n, z, f
n, z, g
n, z, k
n, z, m
n, z, n
n, z, p
n, z, q
n, z, r
n, z, s
n, z, t
n, z, v
n, z, w
n, z, z
n, ', a
n, ', b
n, ', c
n, ', d
n, ', e
n, ', f
n, ', h
n, ', i
n, ', l
n, ', m
n, ', n
n, ', o
n, ', p
n, ', r
n, ', u
n, ', v
o, a, a
o, a, j
o, a, w
o, a, y
o, b, q
o, b, x
o, b, z
o, c, b
o, c, f
o, c, g
o, c, j
o, c, p
o, c, v
o, c, w
o, c, x
o, c, z
o, d, q
o, d, x
o, e, j
o, e, z
o, f, c
o, f, d
o, f, g
o, f, h
o, f, j
o, f, k
o, f, p
o, f, v
o, f, z
o, g, k
o, g, q
o, g, v
o, g, z
o, h, c
o, h, d
o, h, f
o, h, g
o, h, h
o, h, k
o, h, q
o, h, t
o, h, v
o, h, w
o, h, z
o, i, h
o, i, i
o, i, j
o, i, q
o, i, u
o, i, w
o, i, y
o, j, b
o, j, c
o, j, d
o, j, f
o, j, g
o, j, h
o, j, j
o, j, k
o, j, l
o, j, m
o, j, n
o, j, p
o, j, r
o, j, s
o, j, t
o, j, v
o, j, w
o, j, y
o, j, '
o, k, g
o, k, j
o, k, q
o, k, z
o, l, j
o, l, q
o, l, x
o, m, g
o, m, j
o, m, q
o, m, x
o, m, z
o, o, o
o, o, q
o, o, w
o, p, q
o, p, z
o, q, a
o, q, b
o, q, c
o, q, d
o, q, e
o, q, i
o, q, l
o, q, m
o, q, n
o, q, o
o, q, q
o, q, r
o, q, s
o, q, t
o, q, w
o, q, '
o, r, x
o, s, j
o, s, v
o, s, x
o, t, j
o, t, q
o, t, x
o, u, u
o, v, d
o, v, f
o, v, h
o, v, l
o, v, m
o, v, p
o, v, x
o, v, z
o, x, k
o, x, p
o, x, q
o, x, r
o, x, x
o, y, j
o, y, q
o, y, v
o, y, x
o, y, y
o, y, z
o, z, b
o, z, c
o, z, d
o, z, f
o, z, g
o, z, k
o, z, p
o, z, q
o, z, r
o, z, t
o, z, v
o, z, w
o, ', a
o, ', b
o, ', e
o, ', f
o, ', i
o, ', l
o, ', n
o, ', o
o, ', p
o, ', t
o, ', u
o, ', v
p, a, f
p, b, b
p, b, c
p, b, d
p, b, f
p, b, g
p, b, h
p, b, j
p, b, k
p, b, m
p, b, n
p, b, p
p, b, q
p, b, t
p, b, v
p, b, w
p, b, x
p, b, y
p, b, z
p, b, '
p, c, b
p, c, c
p, c, f
p, c, g
p, c, j
p, c, k
p, c, m
p, c, n
p, c, p
p, c, q
p, c, v
p, c, w
p, c, x
p, c, y
p, c, z
p, c, '
p, d, b
p, d, c
p, d, d
p, d, f
p, d, g
p, d, h
p, d, j
p, d, k
p, d, l
p, d, m
p, d, n
p, d, p
p, d, q
p, d, s
p, d, t
p, d, v
p, d, w
p, d, x
p, d, y
p, d, z
p, d, '
p, f, b
p, f, c
p, f, d
p, f, f
p, f, g
p, f, h
p, f, j
p, f, k
p, f, m
p, f, n
p, f, p
p, f, s
p, f, t
p, f, v
p, f, w
p, f, y
p, f, z
p, g, b
p, g, c
p, g, d
p, g, e
p, g, f
p, g, g
p, g, h
p, g, j
p, g, k
p, g, l
p, g, m
p, g, n
p, g, p
p, g, q
p, g, s
p, g, t
p, g, v
p, g, w
p, g, y
p, g, z
p, g, '
p, h, b
p, h, c
p, h, d
p, h, f
p, h, g
p, h, h
p, h, j
p, h, k
p, h, m
p, h, q
p, h, v
p, h, w
p, i, j
p, i, w
p, i, y
p, j, b
p, j, c
p, j, d
p, j, f
p, j, g
p, j, h
p, j, i
p, j, j
p, j, k
p, j, l
p, j, m
p, j, n
p, j, p
p, j, r
p, j, s
p, j, t
p, j, u
p, j, v
p, j, w
p, j, y
p, j, '
p, k, b
p, k, c
p, k, d
p, k, f
p, k, g
p, k, h
p, k, j
p, k, k
p, k, l
p, k, m
p, k, o
p, k, p
p, k, q
p, k, r
p, k, s
p, k, t
p, k, u
p, k, v
p, k, w
p, k, y
p, k, z
p, k, '
p, l, b
p, l, c
p, l, d
p, l, f
p, l, g
p, l, h
p, l, j
p, l, k
p, l, l
p, l, m
p, l, n
p, l, q
p, l, r
p, l, s
p, l, t
p, l, v
p, l, w
p, l, x
p, l, z
p, l, '
p, m, b
p, m, c
p, m, d
p, m, f
p, m, g
p, m, h
p, m, j
p, m, k
p, m, l
p, m, m
p, m, n
p, m, p
p, m, q
p, m, r
p, m, s
p, m, t
p, m, v
p, m, w
p, m, x
p, m, y
p, m, z
p, n, b
p, n, c
p, n, d
p, n, f
p, n, g
p, n, h
p, n, j
p, n, k
p, n, l
p, n, m
p, n, n
p, n, p
p, n, q
p, n, r
p, n, s
p, n, t
p, n, v
p, n, w
p, n, x
p, n, y
p, n, z
p, n, '
p, o, j
p, p, b
p, p, c
p, p, d
p, p, f
p, p, g
p, p, j
p, p, k
p, p, n
p, p, q
p, p, t
p, p, v
p, p, w
p, p, z
p, q, a
p, q, b
p, q, c
p, q, d
p, q, e
p, q, i
p, q, l
p, q, m
p, q, n
p, q, o
p, q, q
p, q, r
p, q, s
p, q, t
p, q, u
p, q, w
p, q, '
p, r, b
p, r, c
p, r, d
p, r, f
p, r, g
p, r, h
p, r, j
p, r, k
p, r, l
p, r, m
p, r, n
p, r, p
p, r, q
p, r, r
p, r, s
p, r, t
p, r, v
p, r, w
p, r, x
p, r, z
p, s, d
p, s, g
p, s, j
p, s, q
p, s, r
p, s, x
p, s, z
p, t, b
p, t, d
p, t, g
p, t, j
p, t, k
p, t, p
p, t, q
p, t, v
p, t, x
p, t, z
p, u, h
p, u, o
p, u, q
p, u, v
p, u, w
p, u, x
p, v, c
p, v, d
p, v, e
p, v, f
p, v, g
p, v, h
p, v, k
p, v, l
p, v, m
p, v, n
p, v, o
p, v, p
p, v, r
p, v, s
p, v, t
p, v, u
p, v, v
p, v, x
p, v, y
p, v, z
p, v, '
p, w, b
p, w, c
p, w, d
p, w, f
p, w, g
p, w, j
p, w, k
p, w, l
p, w, m
p, w, n
p, w, p
p, w, s
p, w, t
p, w, u
p, w, v
p, w, w
p, w, y
p, w, z
p, w, '
p, y, p
p, y, q
p, y, u
p, y, v
p, y, y
p, y, z
p, z, a
p, z, b
p, z, c
p, z, d
p, z, e
p, z, f
p, z, g
p, z, h
p, z, i
p, z, k
p, z, l
p, z, m
p, z, n
p, z, o
p, z, p
p, z, q
p, z, r
p, z, s
p, z, t
p, z, u
p, z, v
p, z, w
p, z, y
p, z, z
p, z, '
p, ', a
p, ', b
p, ', c
p, ', d
p, ', e
p, ', f
p, ', h
p, ', i
p, ', l
p, ', m
p, ', n
p, ', o
p, ', p
p, ', r
p, ', t
p, ', u
p, ', v
q, a, a
q, a, c
q, a, e
q, a, f
q, a, g
q, a, h
q, a, j
q, a, k
q, a, m
q, a, o
q, a, p
q, a, q
q, a, r
q, a, u
q, a, v
q, a, x
q, a, y
q, a, z
q, a, '
q, b, a
q, b, b
q, b, c
q, b, d
q, b, e
q, b, f
q, b, g
q, b, h
q, b, i
q, b, j
q, b, k
q, b, l
q, b, m
q, b, n
q, b, o
q, b, p
q, b, q
q, b, r
q, b, s
q, b, t
q, b, u
q, b, v
q, b, w
q, b, x
q, b, y
q, b, z
q, b, '
q, c, a
q, c, b
q, c, c
q, c, d
q, c, e
q, c, f
q, c, g
q, c, h
q, c, i
q, c, j
q, c, k
q, c, l
q, c, m
q, c, n
q, c, o
q, c, p
q, c, q
q, c, r
q, c, s
q, c, t
q, c, u
q, c, v
q, c, w
q, c, x
q, c, y
q, c, z
q, c, '
q, d, a
q, d, b
q, d, c
q, d, d
q, d, e
q, d, f
q, d, g
q, d, h
q, d, i
q, d, j
q, d, k
q, d, l
q, d, m
q, d, n
q, d, o
q, d, p
q, d, q
q, d, r
q, d, s
q, d, t
q, d, u
q, d, v
q, d, w
q, d, x
q, d, y
q, d, z
q, d, '
q, e, a
q, e, b
q, e, c
q, e, d
q, e, e
q, e, f
q, e, g
q, e, h
q, e, i
q, e, j
q, e, k
q, e, l
q, e, m
q, e, n
q, e, o
q, e, p
q, e, q
q, e, r
q, e, s
q, e, t
q, e, u
q, e, v
q, e, w
q, e, x
q, e, y
q, e, z
q, e, '
q, i, b
q, i, c
q, i, d
q, i, e
q, i, f
q, i, g
q, i, h
q, i, i
q, i, j
q, i, k
q, i, l
q, i, m
q, i, o
q, i, p
q, i, q
q, i, r
q, i, s
q, i, t
q, i, u
q, i, v
q, i, w
q, i, x
q, i, y
q, i, z
q, i, '
q, l, a
q, l, b
q, l, c
q, l, d
q, l, e
q, l, f
q, l, g
q, l, h
q, l, i
q, l, j
q, l, k
q, l, l
q, l, m
q, l, n
q, l, o
q, l, p
q, l, q
q, l, r
q, l, s
q, l, t
q, l, u
q, l, v
q, l, w
q, l, x
q, l, y
q, l, z
q, l, '
q, m, a
q, m, b
q, m, c
q, m, d
q, m, e
q, m, f
q, m, g
q, m, h
q, m, i
q, m, j
q, m, k
q, m, l
q, m, m
q, m, n
q, m, o
q, m, p
q, m, q
q, m, r
q, m, s
q, m, t
q, m, u
q, m, v
q, m, w
q, m, x
q, m, y
q, m, z
q, m, '
q, n, a
q, n, b
q, n, c
q, n, d
q, n, e
q, n, f
q, n, g
q, n, h
q, n, i
q, n, j
q, n, k
q, n, l
q, n, m
q, n, n
q, n, o
q, n, p
q, n, q
q, n, r
q, n, s
q, n, t
q, n, u
q, n, v
q, n, w
q, n, x
q, n, y
q, n, z
q, n, '
q, o, a
q, o, b
q, o, c
q, o, d
q, o, e
q, o, f
q, o, g
q, o, h
q, o, i
q, o, j
q, o, k
q, o, l
q, o, m
q, o, n
q, o, o
q, o, p
q, o, q
q, o, r
q, o, s
q, o, t
q, o, u
q, o, v
q, o, w
q, o, x
q, o, y
q, o, z
q, o, '
q, q, a
q, q, b
q, q, c
q, q, d
q, q, e
q, q, i
q, q, l
q, q, m
q, q, n
q, q, o
q, q, q
q, q, r
q, q, s
q, q, t
q, q, u
q, q, w
q, q, '
q, r, b
q, r, c
q, r, d
q, r, e
q, r, f
q, r, g
q, r, h
q, r, i
q, r, j
q, r, k
q, r, l
q, r, m
q, r, n
q, r, o
q, r, p
q, r, q
q, r, r
q, r, s
q, r, t
q, r, u
q, r, v
q, r, w
q, r, x
q, r, y
q, r, z
q, r, '
q, s, a
q, s, b
q, s, c
q, s, d
q, s, e
q, s, f
q, s, g
q, s, h
q, s, i
q, s, j
q, s, k
q, s, l
q, s, m
q, s, n
q, s, o
q, s, p
q, s, q
q, s, r
q, s, s
q, s, t
q, s, u
q, s, v
q, s, w
q, s, x
q, s, y
q, s, z
q, s, '
q, t, a
q, t, b
q, t, c
q, t, d
q, t, e
q, t, f
q, t, g
q, t, h
q, t, i
q, t, j
q, t, k
q, t, l
q, t, m
q, t, n
q, t, o
q, t, p
q, t, q
q, t, r
q, t, s
q, t, t
q, t, u
q, t, v
q, t, w
q, t, x
q, t, y
q, t, z
q, t, '
q, u, c
q, u, d
q, u, f
q, u, g
q, u, j
q, u, k
q, u, l
q, u, n
q, u, p
q, u, q
q, u, s
q, u, t
q, u, v
q, u, w
q, u, x
q, u, z
q, w, a
q, w, b
q, w, c
q, w, d
q, w, f
q, w, g
q, w, h
q, w, i
q, w, j
q, w, k
q, w, l
q, w, m
q, w, n
q, w, o
q, w, p
q, w, r
q, w, s
q, w, t
q, w, u
q, w, v
q, w, w
q, w, y
q, w, z
q, w, '
q, ', a
q, ', b
q, ', c
q, ', d
q, ', e
q, ', f
q, ', h
q, ', i
q, ', l
q, ', m
q, ', n
q, ', o
q, ', p
q, ', r
q, ', t
q, ', u
q, ', v
r, b, c
r, b, d
r, b, f
r, b, g
r, b, j
r, b, k
r, b, n
r, b, p
r, b, q
r, b, v
r, b, x
r, b, z
r, c, b
r, c, d
r, c, f
r, c, g
r, c, j
r, c, v
r, c, w
r, c, x
r, d, j
r, d, q
r, d, x
r, d, z
r, f, d
r, f, g
r, f, j
r, f, k
r, f, t
r, f, v
r, f, w
r, f, z
r, g, b
r, g, c
r, g, d
r, g, j
r, g, k
r, g, p
r, g, q
r, g, v
r, g, z
r, h, b
r, h, c
r, h, d
r, h, f
r, h, g
r, h, h
r, h, j
r, h, k
r, h, l
r, h, n
r, h, p
r, h, q
r, h, r
r, h, s
r, h, t
r, h, v
r, h, w
r, h, z
r, j, b
r, j, c
r, j, d
r, j, f
r, j, g
r, j, h
r, j, j
r, j, k
r, j, l
r, j, m
r, j, n
r, j, p
r, j, r
r, j, s
r, j, t
r, j, v
r, j, w
r, j, y
r, j, '
r, k, j
r, k, q
r, k, z
r, l, g
r, l, j
r, l, k
r, l, n
r, l, q
r, l, r
r, l, v
r, l, x
r, l, z
r, m, j
r, m, k
r, m, q
r, m, v
r, m, x
r, m, z
r, n, j
r, n, q
r, n, x
r, n, z
r, p, b
r, p, c
r, p, d
r, p, f
r, p, j
r, p, k
r, p, q
r, p, v
r, p, z
r, q, b
r, q, c
r, q, d
r, q, e
r, q, i
r, q, l
r, q, m
r, q, n
r, q, o
r, q, q
r, q, r
r, q, s
r, q, t
r, q, w
r, q, '
r, r, b
r, r, c
r, r, d
r, r, f
r, r, j
r, r, k
r, r, m
r, r, p
r, r, q
r, r, r
r, r, w
r, r, x
r, r, z
r, s, g
r, s, j
r, s, r
r, s, x
r, t, k
r, t, q
r, t, x
r, v, c
r, v, d
r, v, f
r, v, g
r, v, h
r, v, k
r, v, l
r, v, m
r, v, n
r, v, p
r, v, r
r, v, t
r, v, v
r, v, x
r, v, z
r, w, b
r, w, c
r, w, d
r, w, f
r, w, g
r, w, j
r, w, k
r, w, l
r, w, m
r, w, n
r, w, p
r, w, s
r, w, t
r, w, v
r, w, w
r, w, z
r, w, '
r, x, a
r, x, b
r, x, c
r, x, d
r, x, e
r, x, f
r, x, g
r, x, h
r, x, k
r, x, l
r, x, m
r, x, n
r, x, o
r, x, p
r, x, q
r, x, r
r, x, s
r, x, t
r, x, u
r, x, v
r, x, w
r, x, x
r, x, y
r, x, '
r, y, j
r, y, q
r, y, y
r, z, c
r, z, d
r, z, f
r, z, g
r, z, k
r, z, l
r, z, m
r, z, n
r, z, p
r, z, q
r, z, r
r, z, s
r, z, v
r, z, w
r, z, z
r, ', b
r, ', c
r, ', d
r, ', e
r, ', f
r, ', h
r, ', i
r, ', l
r, ', m
r, ', n
r, ', o
r, ', p
r, ', r
r, ', t
r, ', u
r, ', v
s, b, b
s, b, d
s, b, f
s, b, g
s, b, h
s, b, k
s, b, m
s, b, n
s, b, p
s, b, q
s, b, s
s, b, t
s, b, v
s, b, w
s, b, x
s, b, z
s, b, '
s, c, f
s, c, g
s, c, j
s, c, k
s, c, n
s, c, q
s, c, v
s, c, w
s, c, x
s, c, z
s, d, b
s, d, d
s, d, f
s, d, g
s, d, h
s, d, j
s, d, k
s, d, l
s, d, m
s, d, p
s, d, q
s, d, t
s, d, v
s, d, w
s, d, x
s, d, y
s, d, z
s, e, z
s, f, b
s, f, d
s, f, f
s, f, g
s, f, h
s, f, j
s, f, k
s, f, n
s, f, p
s, f, s
s, f, t
s, f, v
s, f, w
s, f, z
s, f, '
s, g, b
s, g, c
s, g, d
s, g, f
s, g, g
s, g, h
s, g, j
s, g, k
s, g, n
s, g, p
s, g, q
s, g, s
s, g, t
s, g, v
s, g, w
s, g, y
s, g, z
s, g, '
s, h, j
s, h, z
s, i, y
s, j, b
s, j, c
s, j, d
s, j, f
s, j, g
s, j, h
s, j, j
s, j, k
s, j, l
s, j, m
s, j, n
s, j, p
s, j, r
s, j, s
s, j, t
s, j, v
s, j, w
s, j, y
s, j, '
s, k, c
s, k, g
s, k, k
s, k, p
s, k, q
s, k, v
s, k, z
s, l, b
s, l, c
s, l, d
s, l, f
s, l, g
s, l, h
s, l, j
s, l, k
s, l, l
s, l, m
s, l, n
s, l, p
s, l, q
s, l, r
s, l, s
s, l, t
s, l, v
s, l, w
s, l, x
s, l, z
s, l, '
s, m, b
s, m, c
s, m, f
s, m, g
s, m, h
s, m, j
s, m, k
s, m, l
s, m, m
s, m, n
s, m, p
s, m, q
s, m, v
s, m, w
s, m, x
s, m, z
s, n, b
s, n, c
s, n, d
s, n, f
s, n, g
s, n, h
s, n, j
s, n, k
s, n, l
s, n, m
s, n, n
s, n, p
s, n, q
s, n, r
s, n, s
s, n, v
s, n, w
s, n, x
s, n, z
s, p, g
s, p, j
s, p, k
s, p, m
s, p, p
s, p, q
s, p, t
s, p, v
s, p, w
s, p, z
s, q, a
s, q, b
s, q, c
s, q, d
s, q, e
s, q, i
s, q, l
s, q, m
s, q, n
s, q, o
s, q, q
s, q, r
s, q, s
s, q, t
s, q, w
s, q, '
s, r, d
s, r, f
s, r, g
s, r, j
s, r, k
s, r, l
s, r, m
s, r, n
s, r, p
s, r, q
s, r, r
s, r, t
s, r, v
s, r, w
s, r, x
s, r, z
s, r, '
s, s, j
s, s, q
s, s, x
s, s, z
s, t, k
s, t, q
s, t, x
s, t, z
s, u, x
s, v, c
s, v, d
s, v, f
s, v, g
s, v, h
s, v, k
s, v, l
s, v, m
s, v, n
s, v, p
s, v, r
s, v, s
s, v, t
s, v, u
s, v, v
s, v, x
s, v, y
s, v, z
s, v, '
s, w, c
s, w, d
s, w, f
s, w, g
s, w, h
s, w, j
s, w, k
s, w, l
s, w, m
s, w, n
s, w, p
s, w, s
s, w, t
s, w, v
s, w, w
s, w, y
s, w, z
s, w, '
s, x, a
s, x, b
s, x, c
s, x, d
s, x, e
s, x, f
s, x, g
s, x, h
s, x, i
s, x, k
s, x, l
s, x, m
s, x, n
s, x, o
s, x, p
s, x, q
s, x, r
s, x, s
s, x, t
s, x, u
s, x, v
s, x, w
s, x, x
s, x, y
s, x, '
s, y, j
s, y, q
s, y, x
s, y, y
s, z, b
s, z, d
s, z, f
s, z, g
s, z, h
s, z, l
s, z, m
s, z, n
s, z, p
s, z, q
s, z, r
s, z, s
s, z, u
s, z, v
s, z, w
s, z, z
s, ', a
s, ', b
s, ', c
s, ', d
s, ', e
s, ', f
s, ', h
s, ', i
s, ', m
s, ', o
s, ', p
s, ', r
s, ', t
s, ', u
s, ', v
t, b, b
t, b, c
t, b, d
t, b, f
t, b, g
t, b, h
t, b, j
t, b, k
t, b, m
t, b, n
t, b, p
t, b, q
t, b, t
t, b, v
t, b, w
t, b, x
t, b, z
t, b, '
t, c, b
t, c, d
t, c, f
t, c, g
t, c, j
t, c, k
t, c, m
t, c, p
t, c, q
t, c, s
t, c, t
t, c, v
t, c, w
t, c, x
t, c, z
t, c, '
t, d, b
t, d, c
t, d, d
t, d, f
t, d, g
t, d, h
t, d, j
t, d, k
t, d, l
t, d, m
t, d, n
t, d, p
t, d, q
t, d, s
t, d, t
t, d, v
t, d, x
t, d, y
t, d, z
t, d, '
t, f, b
t, f, c
t, f, d
t, f, f
t, f, g
t, f, h
t, f, j
t, f, k
t, f, m
t, f, n
t, f, p
t, f, s
t, f, t
t, f, v
t, f, w
t, f, y
t, f, z
t, f, '
t, g, b
t, g, c
t, g, d
t, g, f
t, g, g
t, g, h
t, g, j
t, g, k
t, g, m
t, g, p
t, g, q
t, g, s
t, g, t
t, g, v
t, g, w
t, g, y
t, g, z
t, g, '
t, h, j
t, h, z
t, j, b
t, j, c
t, j, d
t, j, f
t, j, g
t, j, h
t, j, j
t, j, k
t, j, l
t, j, m
t, j, n
t, j, p
t, j, r
t, j, s
t, j, t
t, j, v
t, j, w
t, j, y
t, j, '
t, k, b
t, k, c
t, k, d
t, k, f
t, k, g
t, k, h
t, k, j
t, k, k
t, k, l
t, k, m
t, k, p
t, k, q
t, k, r
t, k, s
t, k, t
t, k, u
t, k, v
t, k, w
t, k, y
t, k, z
t, k, '
t, l, b
t, l, c
t, l, d
t, l, f
t, l, g
t, l, h
t, l, j
t, l, k
t, l, l
t, l, m
t, l, n
t, l, p
t, l, q
t, l, r
t, l, t
t, l, v
t, l, w
t, l, x
t, l, z
t, m, b
t, m, c
t, m, d
t, m, f
t, m, g
t, m, h
t, m, j
t, m, k
t, m, l
t, m, m
t, m, n
t, m, p
t, m, q
t, m, r
t, m, t
t, m, v
t, m, w
t, m, x
t, m, y
t, m, z
t, n, b
t, n, c
t, n, d
t, n, f
t, n, g
t, n, h
t, n, j
t, n, k
t, n, l
t, n, m
t, n, n
t, n, p
t, n, q
t, n, r
t, n, s
t, n, v
t, n, w
t, n, x
t, n, y
t, n, z
t, p, b
t, p, c
t, p, d
t, p, f
t, p, g
t, p, j
t, p, k
t, p, m
t, p, n
t, p, p
t, p, q
t, p, t
t, p, v
t, p, w
t, p, z
t, p, '
t, q, a
t, q, b
t, q, c
t, q, d
t, q, e
t, q, i
t, q, l
t, q, m
t, q, n
t, q, o
t, q, q
t, q, r
t, q, s
t, q, t
t, q, w
t, q, '
t, r, b
t, r, c
t, r, d
t, r, f
t, r, g
t, r, j
t, r, k
t, r, l
t, r, m
t, r, q
t, r, r
t, r, t
t, r, v
t, r, w
t, r, x
t, r, z
t, s, g
t, s, j
t, s, q
t, s, x
t, s, z
t, t, b
t, t, j
t, t, p
t, t, q
t, t, x
t, t, z
t, u, h
t, u, j
t, u, w
t, v, c
t, v, d
t, v, f
t, v, g
t, v, h
t, v, k
t, v, l
t, v, m
t, v, n
t, v, p
t, v, r
t, v, s
t, v, t
t, v, u
t, v, v
t, v, x
t, v, y
t, v, z
t, v, '
t, w, b
t, w, c
t, w, d
t, w, f
t, w, g
t, w, j
t, w, k
t, w, l
t, w, m
t, w, n
t, w, p
t, w, s
t, w, t
t, w, v
t, w, w
t, w, z
t, w, '
t, x, a
t, x, b
t, x, c
t, x, d
t, x, e
t, x, f
t, x, g
t, x, h
t, x, i
t, x, k
t, x, l
t, x, m
t, x, n
t, x, o
t, x, p
t, x, q
t, x, r
t, x, s
t, x, t
t, x, u
t, x, v
t, x, w
t, x, x
t, x, y
t, x, '
t, y, j
t, y, q
t, y, y
t, y, z
t, z, c
t, z, d
t, z, f
t, z, q
t, z, w
t, z, z
t, ', a
t, ', b
t, ', c
t, ', d
t, ', e
t, ', f
t, ', h
t, ', i
t, ', l
t, ', m
t, ', n
t, ', o
t, ', p
t, ', r
t, ', t
t, ', u
t, ', v
u, b, x
u, b, z
u, c, b
u, c, d
u, c, f
u, c, g
u, c, j
u, c, m
u, c, p
u, c, q
u, c, v
u, c, w
u, c, x
u, c, z
u, d, j
u, d, k
u, d, q
u, d, t
u, d, x
u, e, k
u, e, q
u, f, b
u, f, d
u, f, g
u, f, h
u, f, j
u, f, m
u, f, n
u, f, p
u, f, v
u, f, w
u, f, y
u, f, z
u, g, c
u, g, j
u, g, k
u, g, p
u, g, q
u, g, v
u, g, z
u, h, b
u, h, c
u, h, d
u, h, f
u, h, g
u, h, h
u, h, j
u, h, k
u, h, o
u, h, p
u, h, q
u, h, s
u, h, t
u, h, v
u, h, w
u, h, y
u, h, z
u, i, h
u, i, w
u, j, b
u, j, c
u, j, f
u, j, g
u, j, h
u, j, j
u, j, k
u, j, l
u, j, m
u, j, n
u, j, p
u, j, s
u, j, t
u, j, v
u, j, w
u, j, y
u, j, '
u, k, f
u, k, g
u, k, j
u, k, m
u, k, n
u, k, p
u, k, q
u, k, v
u, k, w
u, k, z
u, l, j
u, l, q
u, m, x
u, m, z
u, o, e
u, o, f
u, o, j
u, o, q
u, o, v
u, o, w
u, o, x
u, o, z
u, p, q
u, p, z
u, q, a
u, q, b
u, q, c
u, q, d
u, q, e
u, q, i
u, q, l
u, q, m
u, q, n
u, q, o
u, q, q
u, q, r
u, q, t
u, q, w
u, q, '
u, r, x
u, s, j
u, s, v
u, s, x
u, t, x
u, u, b
u, u, c
u, u, d
u, u, e
u, u, f
u, u, g
u, u, h
u, u, i
u, u, j
u, u, k
u, u, o
u, u, p
u, u, q
u, u, r
u, u, t
u, u, u
u, u, v
u, u, w
u, u, x
u, u, y
u, u, z
u, v, c
u, v, d
u, v, f
u, v, g
u, v, h
u, v, k
u, v, m
u, v, n
u, v, p
u, v, t
u, v, x
u, v, y
u, v, z
u, w, b
u, w, c
u, w, d
u, w, f
u, w, g
u, w, h
u, w, j
u, w, k
u, w, l
u, w, m
u, w, n
u, w, p
u, w, r
u, w, s
u, w, t
u, w, u
u, w, v
u, w, w
u, w, y
u, w, z
u, x, c
u, x, d
u, x, f
u, x, g
u, x, k
u, x, n
u, x, p
u, x, q
u, x, r
u, x, s
u, x, v
u, x, w
u, x, x
u, x, y
u, y, c
u, y, d
u, y, f
u, y, h
u, y, j
u, y, k
u, y, m
u, y, p
u, y, q
u, y, v
u, y, w
u, y, x
u, y, y
u, y, z
u, z, d
u, z, f
u, z, g
u, z, k
u, z, p
u, z, q
u, z, r
u, z, s
u, z, t
u, z, v
u, z, w
u, ', b
u, ', c
u, ', d
u, ', e
u, ', f
u, ', h
u, ', i
u, ', l
u, ', m
u, ', n
u, ', o
u, ', p
u, ', r
u, ', t
u, ', u
u, ', v
v, a, o
v, a, q
v, c, a
v, c, b
v, c, c
v, c, d
v, c, f
v, c, g
v, c, h
v, c, j
v, c, k
v, c, l
v, c, m
v, c, n
v, c, o
v, c, p
v, c, q
v, c, r
v, c, s
v, c, t
v, c, u
v, c, v
v, c, w
v, c, x
v, c, y
v, c, z
v, c, '
v, d, b
v, d, c
v, d, d
v, d, e
v, d, f
v, d, g
v, d, h
v, d, i
v, d, j
v, d, k
v, d, l
v, d, m
v, d, n
v, d, o
v, d, p
v, d, q
v, d, r
v, d, s
v, d, t
v, d, u
v, d, v
v, d, w
v, d, x
v, d, y
v, d, z
v, d, '
v, e, q
v, f, a
v, f, b
v, f, c
v, f, d
v, f, e
v, f, f
v, f, g
v, f, h
v, f, i
v, f, j
v, f, k
v, f, l
v, f, m
v, f, n
v, f, o
v, f, p
v, f, r
v, f, s
v, f, t
v, f, u
v, f, v
v, f, w
v, f, y
v, f, z
v, f, '
v, g, b
v, g, c
v, g, d
v, g, e
v, g, f
v, g, g
v, g, h
v, g, i
v, g, j
v, g, k
v, g, l
v, g, m
v, g, n
v, g, o
v, g, p
v, g, q
v, g, r
v, g, s
v, g, t
v, g, u
v, g, v
v, g, w
v, g, y
v, g, z
v, g, '
v, h, a
v, h, b
v, h, c
v, h, d
v, h, e
v, h, f
v, h, g
v, h, h
v, h, i
v, h, j
v, h, k
v, h, l
v, h, m
v, h, n
v, h, o
v, h, p
v, h, q
v, h, r
v, h, s
v, h, t
v, h, u
v, h, v
v, h, w
v, h, y
v, h, z
v, h, '
v, i, q
v, i, w
v, k, b
v, k, c
v, k, d
v, k, e
v, k, f
v, k, g
v, k, i
v, k, j
v, k, k
v, k, l
v, k, m
v, k, n
v, k, p
v, k, q
v, k, r
v, k, s
v, k, t
v, k, u
v, k, v
v, k, w
v, k, y
v, k, z
v, k, '
v, l, b
v, l, c
v, l, d
v, l, f
v, l, g
v, l, h
v, l, j
v, l, k
v, l, l
v, l, m
v, l, n
v, l, p
v, l, q
v, l, r
v, l, s
v, l, t
v, l, u
v, l, v
v, l, w
v, l, x
v, l, y
v, l, z
v, l, '
v, m, a
v, m, b
v, m, c
v, m, d
v, m, e
v, m, f
v, m, g
v, m, h
v, m, i
v, m, j
v, m, k
v, m, l
v, m, m
v, m, n
v, m, o
v, m, p
v, m, q
v, m, r
v, m, s
v, m, t
v, m, u
v, m, v
v, m, w
v, m, x
v, m, y
v, m, z
v, m, '
v, n, b
v, n, c
v, n, d
v, n, f
v, n, g
v, n, h
v, n, j
v, n, k
v, n, l
v, n, m
v, n, n
v, n, p
v, n, q
v, n, r
v, n, s
v, n, t
v, n, u
v, n, v
v, n, w
v, n, x
v, n, y
v, n, z
v, o, f
v, o, h
v, o, j
v, o, q
v, o, z
v, p, a
v, p, b
v, p, c
v, p, d
v, p, e
v, p, f
v, p, g
v, p, h
v, p, i
v, p, j
v, p, k
v, p, l
v, p, m
v, p, n
v, p, o
v, p, p
v, p, q
v, p, r
v, p, s
v, p, t
v, p, u
v, p, v
v, p, w
v, p, y
v, p, z
v, p, '
v, r, b
v, r, c
v, r, d
v, r, f
v, r, g
v, r, h
v, r, j
v, r, k
v, r, l
v, r, m
v, r, n
v, r, p
v, r, q
v, r, r
v, r, s
v, r, t
v, r, v
v, r, w
v, r, x
v, r, y
v, r, z
v, r, '
v, s, b
v, s, c
v, s, d
v, s, e
v, s, f
v, s, g
v, s, h
v, s, i
v, s, j
v, s, l
v, s, m
v, s, n
v, s, o
v, s, p
v, s, q
v, s, r
v, s, s
v, s, u
v, s, v
v, s, w
v, s, x
v, s, y
v, s, z
v, t, b
v, t, c
v, t, d
v, t, f
v, t, g
v, t, h
v, t, i
v, t, j
v, t, k
v, t, l
v, t, m
v, t, n
v, t, o
v, t, p
v, t, q
v, t, r
v, t, s
v, t, t
v, t, u
v, t, v
v, t, w
v, t, x
v, t, y
v, t, z
v, t, '
v, u, a
v, u, b
v, u, c
v, u, f
v, u, h
v, u, j
v, u, k
v, u, p
v, u, q
v, u, u
v, u, v
v, u, w
v, u, x
v, u, y
v, u, z
v, u, '
v, v, c
v, v, d
v, v, f
v, v, g
v, v, h
v, v, k
v, v, l
v, v, m
v, v, n
v, v, o
v, v, p
v, v, r
v, v, s
v, v, t
v, v, u
v, v, v
v, v, x
v, v, z
v, v, '
v, x, a
v, x, b
v, x, c
v, x, d
v, x, e
v, x, f
v, x, g
v, x, h
v, x, i
v, x, k
v, x, l
v, x, m
v, x, n
v, x, o
v, x, p
v, x, q
v, x, r
v, x, s
v, x, t
v, x, u
v, x, v
v, x, w
v, x, x
v, x, y
v, x, '
v, y, c
v, y, d
v, y, f
v, y, g
v, y, j
v, y, k
v, y, m
v, y, o
v, y, p
v, y, q
v, y, r
v, y, t
v, y, u
v, y, v
v, y, x
v, y, y
v, y, z
v, z, a
v, z, b
v, z, c
v, z, d
v, z, e
v, z, f
v, z, g
v, z, h
v, z, i
v, z, k
v, z, l
v, z, m
v, z, n
v, z, p
v, z, q
v, z, r
v, z, s
v, z, t
v, z, u
v, z, v
v, z, w
v, z, y
v, z, z
v, z, '
v, ', a
v, ', b
v, ', c
v, ', d
v, ', e
v, ', f
v, ', h
v, ', i
v, ', l
v, ', m
v, ', n
v, ', o
v, ', p
v, ', r
v, ', t
v, ', u
v, ', v
w, a, o
w, a, q
w, b, b
w, b, c
w, b, d
w, b, f
w, b, g
w, b, h
w, b, j
w, b, k
w, b, m
w, b, p
w, b, q
w, b, t
w, b, v
w, b, x
w, b, z
w, b, '
w, c, b
w, c, c
w, c, d
w, c, f
w, c, g
w, c, j
w, c, k
w, c, m
w, c, n
w, c, p
w, c, q
w, c, s
w, c, t
w, c, v
w, c, w
w, c, x
w, c, y
w, c, z
w, c, '
w, d, b
w, d, c
w, d, d
w, d, f
w, d, g
w, d, h
w, d, j
w, d, k
w, d, m
w, d, p
w, d, q
w, d, t
w, d, u
w, d, v
w, d, w
w, d, x
w, d, z
w, e, q
w, e, u
w, f, b
w, f, c
w, f, d
w, f, g
w, f, h
w, f, j
w, f, k
w, f, m
w, f, n
w, f, p
w, f, s
w, f, t
w, f, v
w, f, w
w, f, y
w, f, z
w, f, '
w, g, b
w, g, c
w, g, d
w, g, f
w, g, g
w, g, j
w, g, k
w, g, m
w, g, n
w, g, o
w, g, p
w, g, q
w, g, s
w, g, t
w, g, u
w, g, v
w, g, w
w, g, y
w, g, z
w, g, '
w, h, b
w, h, c
w, h, d
w, h, f
w, h, g
w, h, h
w, h, j
w, h, k
w, h, l
w, h, m
w, h, n
w, h, p
w, h, q
w, h, r
w, h, s
w, h, t
w, h, v
w, h, w
w, h, z
w, h, '
w, i, h
w, i, j
w, i, o
w, i, q
w, i, u
w, j, a
w, j, b
w, j, c
w, j, d
w, j, e
w, j, f
w, j, g
w, j, h
w, j, i
w, j, j
w, j, k
w, j, l
w, j, m
w, j, n
w, j, o
w, j, p
w, j, r
w, j, s
w, j, t
w, j, v
w, j, w
w, j, y
w, j, '
w, k, c
w, k, d
w, k, f
w, k, g
w, k, h
w, k, j
w, k, k
w, k, l
w, k, m
w, k, o
w, k, p
w, k, q
w, k, r
w, k, t
w, k, u
w, k, v
w, k, z
w, l, c
w, l, g
w, l, h
w, l, j
w, l, k
w, l, m
w, l, q
w, l, r
w, l, u
w, l, v
w, l, x
w, l, z
w, m, b
w, m, c
w, m, d
w, m, f
w, m, g
w, m, h
w, m, j
w, m, k
w, m, l
w, m, m
w, m, n
w, m, p
w, m, q
w, m, r
w, m, t
w, m, u
w, m, v
w, m, w
w, m, x
w, m, y
w, m, z
w, m, '
w, n, j
w, n, k
w, n, q
w, n, u
w, n, v
w, n, x
w, n, z
w, o, q
w, o, x
w, o, y
w, p, b
w, p, c
w, p, d
w, p, f
w, p, g
w, p, j
w, p, k
w, p, m
w, p, n
w, p, p
w, p, q
w, p, t
w, p, v
w, p, w
w, p, y
w, p, z
w, p, '
w, r, b
w, r, c
w, r, d
w, r, f
w, r, g
w, r, h
w, r, j
w, r, k
w, r, l
w, r, m
w, r, n
w, r, p
w, r, q
w, r, r
w, r, s
w, r, t
w, r, v
w, r, w
w, r, x
w, r, z
w, s, j
w, s, n
w, s, q
w, s, x
w, s, z
w, t, b
w, t, c
w, t, d
w, t, f
w, t, g
w, t, j
w, t, k
w, t, l
w, t, m
w, t, n
w, t, p
w, t, q
w, t, t
w, t, v
w, t, w
w, t, x
w, t, y
w, t, z
w, u, a
w, u, b
w, u, c
w, u, e
w, u, f
w, u, g
w, u, h
w, u, i
w, u, j
w, u, k
w, u, o
w, u, q
w, u, u
w, u, v
w, u, w
w, u, x
w, u, y
w, v, a
w, v, c
w, v, d
w, v, e
w, v, f
w, v, g
w, v, h
w, v, k
w, v, l
w, v, m
w, v, n
w, v, o
w, v, p
w, v, r
w, v, s
w, v, t
w, v, u
w, v, v
w, v, x
w, v, y
w, v, z
w, v, '
w, w, b
w, w, c
w, w, d
w, w, f
w, w, g
w, w, h
w, w, j
w, w, k
w, w, l
w, w, m
w, w, n
w, w, p
w, w, s
w, w, t
w, w, u
w, w, v
w, w, w
w, w, y
w, w, z
w, w, '
w, y, b
w, y, g
w, y, h
w, y, i
w, y, j
w, y, p
w, y, q
w, y, u
w, y, v
w, y, w
w, y, x
w, y, y
w, y, z
w, z, b
w, z, c
w, z, d
w, z, f
w, z, g
w, z, h
w, z, k
w, z, l
w, z, m
w, z, n
w, z, o
w, z, p
w, z, q
w, z, r
w, z, s
w, z, t
w, z, u
w, z, v
w, z, w
w, z, y
w, z, z
w, z, '
w, ', a
w, ', b
w, ', c
w, ', d
w, ', e
w, ', f
w, ', h
w, ', i
w, ', l
w, ', m
w, ', n
w, ', o
w, ', p
w, ', r
w, ', t
w, ', u
w, ', v
x, a, a
x, a, j
x, a, k
x, a, o
x, a, q
x, a, w
x, a, x
x, a, y
x, b, b
x, b, c
x, b, d
x, b, f
x, b, g
x, b, h
x, b, j
x, b, k
x, b, l
x, b, m
x, b, n
x, b, p
x, b, q
x, b, s
x, b, t
x, b, v
x, b, w
x, b, x
x, b, y
x, b, z
x, b, '
x, c, b
x, c, c
x, c, d
x, c, f
x, c, g
x, c, j
x, c, k
x, c, m
x, c, n
x, c, p
x, c, q
x, c, s
x, c, t
x, c, v
x, c, w
x, c, x
x, c, y
x, c, z
x, c, '
x, d, a
x, d, b
x, d, c
x, d, d
x, d, f
x, d, g
x, d, h
x, d, j
x, d, k
x, d, l
x, d, m
x, d, n
x, d, o
x, d, p
x, d, q
x, d, r
x, d, s
x, d, t
x, d, u
x, d, v
x, d, w
x, d, x
x, d, y
x, d, z
x, d, '
x, e, b
x, e, f
x, e, h
x, e, i
x, e, j
x, e, k
x, e, p
x, e, u
x, e, v
x, e, w
x, e, x
x, e, z
x, f, a
x, f, b
x, f, c
x, f, d
x, f, f
x, f, g
x, f, h
x, f, j
x, f, k
x, f, m
x, f, n
x, f, p
x, f, r
x, f, s
x, f, t
x, f, u
x, f, v
x, f, w
x, f, y
x, f, z
x, f, '
x, g, b
x, g, c
x, g, d
x, g, e
x, g, f
x, g, g
x, g, h
x, g, i
x, g, j
x, g, k
x, g, l
x, g, m
x, g, n
x, g, o
x, g, p
x, g, q
x, g, r
x, g, s
x, g, t
x, g, u
x, g, v
x, g, w
x, g, y
x, g, z
x, g, '
x, h, b
x, h, c
x, h, d
x, h, f
x, h, g
x, h, h
x, h, j
x, h, k
x, h, l
x, h, m
x, h, n
x, h, p
x, h, q
x, h, r
x, h, s
x, h, t
x, h, v
x, h, w
x, h, y
x, h, z
x, h, '
x, i, h
x, i, j
x, i, k
x, i, q
x, i, w
x, i, y
x, i, z
x, k, a
x, k, b
x, k, c
x, k, d
x, k, e
x, k, f
x, k, g
x, k, h
x, k, i
x, k, j
x, k, k
x, k, l
x, k, m
x, k, n
x, k, o
x, k, p
x, k, q
x, k, r
x, k, s
x, k, t
x, k, u
x, k, v
x, k, w
x, k, y
x, k, z
x, k, '
x, l, a
x, l, b
x, l, c
x, l, d
x, l, f
x, l, g
x, l, h
x, l, j
x, l, k
x, l, l
x, l, m
x, l, n
x, l, o
x, l, p
x, l, q
x, l, r
x, l, s
x, l, t
x, l, u
x, l, v
x, l, w
x, l, x
x, l, z
x, l, '
x, m, b
x, m, c
x, m, d
x, m, f
x, m, g
x, m, h
x, m, j
x, m, k
x, m, l
x, m, m
x, m, n
x, m, p
x, m, q
x, m, r
x, m, s
x, m, t
x, m, u
x, m, v
x, m, w
x, m, x
x, m, y
x, m, z
x, m, '
x, n, a
x, n, b
x, n, c
x, n, d
x, n, f
x, n, g
x, n, h
x, n, i
x, n, j
x, n, k
x, n, l
x, n, m
x, n, n
x, n, o
x, n, p
x, n, q
x, n, r
x, n, s
x, n, t
x, n, u
x, n, v
x, n, w
x, n, x
x, n, y
x, n, z
x, n, '
x, o, h
x, o, j
x, o, k
x, o, o
x, o, q
x, o, u
x, o, w
x, o, x
x, o, y
x, o, z
x, p, b
x, p, c
x, p, d
x, p, f
x, p, g
x, p, h
x, p, j
x, p, k
x, p, m
x, p, n
x, p, p
x, p, q
x, p, s
x, p, t
x, p, v
x, p, w
x, p, y
x, p, z
x, p, '
x, q, a
x, q, b
x, q, c
x, q, d
x, q, e
x, q, i
x, q, l
x, q, m
x, q, n
x, q, o
x, q, q
x, q, r
x, q, s
x, q, t
x, q, w
x, q, '
x, r, b
x, r, c
x, r, d
x, r, e
x, r, f
x, r, g
x, r, h
x, r, i
x, r, j
x, r, k
x, r, l
x, r, m
x, r, n
x, r, p
x, r, q
x, r, r
x, r, s
x, r, t
x, r, u
x, r, v
x, r, w
x, r, x
x, r, y
x, r, z
x, r, '
x, s, b
x, s, d
x, s, f
x, s, g
x, s, j
x, s, k
x, s, l
x, s, m
x, s, n
x, s, q
x, s, r
x, s, s
x, s, v
x, s, w
x, s, x
x, s, y
x, s, z
x, s, '
x, t, c
x, t, d
x, t, f
x, t, g
x, t, j
x, t, k
x, t, m
x, t, n
x, t, p
x, t, q
x, t, t
x, t, v
x, t, w
x, t, x
x, t, z
x, u, c
x, u, e
x, u, f
x, u, g
x, u, h
x, u, i
x, u, j
x, u, k
x, u, q
x, u, t
x, u, u
x, u, w
x, u, x
x, u, y
x, u, z
x, u, '
x, v, a
x, v, c
x, v, d
x, v, e
x, v, f
x, v, g
x, v, h
x, v, k
x, v, l
x, v, m
x, v, n
x, v, o
x, v, p
x, v, r
x, v, s
x, v, t
x, v, u
x, v, v
x, v, x
x, v, y
x, v, z
x, v, '
x, w, b
x, w, c
x, w, d
x, w, f
x, w, g
x, w, h
x, w, j
x, w, k
x, w, l
x, w, m
x, w, n
x, w, p
x, w, r
x, w, s
x, w, t
x, w, u
x, w, v
x, w, w
x, w, y
x, w, z
x, w, '
x, x, a
x, x, b
x, x, c
x, x, d
x, x, e
x, x, f
x, x, g
x, x, h
x, x, i
x, x, k
x, x, l
x, x, m
x, x, n
x, x, o
x, x, p
x, x, q
x, x, r
x, x, s
x, x, t
x, x, u
x, x, v
x, x, w
x, x, x
x, x, y
x, x, '
x, y, j
x, y, k
x, y, q
x, y, v
x, y, w
x, y, x
x, y, y
x, y, z
x, ', a
x, ', b
x, ', c
x, ', d
x, ', e
x, ', f
x, ', h
x, ', i
x, ', l
x, ', m
x, ', n
x, ', o
x, ', p
x, ', r
x, ', t
x, ', u
x, ', v
y, b, c
y, b, f
y, b, g
y, b, h
y, b, j
y, b, k
y, b, m
y, b, n
y, b, p
y, b, q
y, b, s
y, b, t
y, b, v
y, b, w
y, b, x
y, b, z
y, b, '
y, c, b
y, c, c
y, c, d
y, c, f
y, c, g
y, c, j
y, c, m
y, c, p
y, c, q
y, c, s
y, c, v
y, c, w
y, c, x
y, c, z
y, c, '
y, d, b
y, d, c
y, d, f
y, d, g
y, d, h
y, d, j
y, d, k
y, d, m
y, d, p
y, d, q
y, d, t
y, d, v
y, d, w
y, d, x
y, d, y
y, d, z
y, e, j
y, e, q
y, e, x
y, f, b
y, f, c
y, f, d
y, f, f
y, f, g
y, f, h
y, f, j
y, f, k
y, f, m
y, f, n
y, f, p
y, f, s
y, f, t
y, f, v
y, f, w
y, f, z
y, f, '
y, g, b
y, g, c
y, g, f
y, g, g
y, g, j
y, g, k
y, g, p
y, g, q
y, g, s
y, g, t
y, g, v
y, g, w
y, g, z
y, h, b
y, h, c
y, h, d
y, h, f
y, h, g
y, h, h
y, h, j
y, h, k
y, h, l
y, h, m
y, h, n
y, h, p
y, h, q
y, h, r
y, h, s
y, h, t
y, h, u
y, h, v
y, h, w
y, h, z
y, h, '
y, i, f
y, i, h
y, i, j
y, i, q
y, i, u
y, i, w
y, i, x
y, i, y
y, j, b
y, j, c
y, j, d
y, j, e
y, j, f
y, j, g
y, j, h
y, j, j
y, j, k
y, j, l
y, j, m
y, j, n
y, j, o
y, j, p
y, j, r
y, j, s
y, j, t
y, j, u
y, j, v
y, j, w
y, j, y
y, j, '
y, k, b
y, k, c
y, k, d
y, k, f
y, k, g
y, k, h
y, k, j
y, k, k
y, k, l
y, k, m
y, k, p
y, k, q
y, k, r
y, k, s
y, k, t
y, k, u
y, k, v
y, k, w
y, k, y
y, k, z
y, l, j
y, l, q
y, l, r
y, l, w
y, l, x
y, l, z
y, m, c
y, m, d
y, m, f
y, m, g
y, m, h
y, m, j
y, m, k
y, m, q
y, m, v
y, m, w
y, m, x
y, m, z
y, n, f
y, n, j
y, n, l
y, n, p
y, n, q
y, n, r
y, n, v
y, n, z
y, o, q
y, o, y
y, p, b
y, p, c
y, p, d
y, p, f
y, p, g
y, p, j
y, p, k
y, p, m
y, p, q
y, p, v
y, p, w
y, p, z
y, q, a
y, q, b
y, q, c
y, q, d
y, q, e
y, q, i
y, q, l
y, q, m
y, q, n
y, q, o
y, q, q
y, q, r
y, q, s
y, q, t
y, q, w
y, q, '
y, r, f
y, r, j
y, r, k
y, r, q
y, r, v
y, r, w
y, r, x
y, r, z
y, s, d
y, s, j
y, s, q
y, s, x
y, s, z
y, t, b
y, t, c
y, t, d
y, t, f
y, t, g
y, t, j
y, t, k
y, t, m
y, t, n
y, t, p
y, t, q
y, t, v
y, t, w
y, t, x
y, t, z
y, u, e
y, u, f
y, u, j
y, u, o
y, u, q
y, u, u
y, u, v
y, u, w
y, u, x
y, u, y
y, v, c
y, v, d
y, v, f
y, v, g
y, v, h
y, v, k
y, v, l
y, v, m
y, v, n
y, v, p
y, v, r
y, v, s
y, v, t
y, v, u
y, v, v
y, v, x
y, v, y
y, v, z
y, v, '
y, w, b
y, w, c
y, w, d
y, w, f
y, w, g
y, w, j
y, w, k
y, w, l
y, w, m
y, w, n
y, w, p
y, w, s
y, w, t
y, w, u
y, w, v
y, w, w
y, w, y
y, w, z
y, w, '
y, x, b
y, x, c
y, x, d
y, x, f
y, x, g
y, x, h
y, x, k
y, x, l
y, x, m
y, x, n
y, x, p
y, x, q
y, x, r
y, x, s
y, x, t
y, x, u
y, x, v
y, x, w
y, x, x
y, x, y
y, y, b
y, y, c
y, y, d
y, y, f
y, y, g
y, y, h
y, y, j
y, y, k
y, y, l
y, y, m
y, y, n
y, y, o
y, y, p
y, y, q
y, y, r
y, y, s
y, y, t
y, y, u
y, y, v
y, y, w
y, y, x
y, y, y
y, y, z
y, y, '
y, z, b
y, z, c
y, z, d
y, z, f
y, z, g
y, z, h
y, z, k
y, z, l
y, z, m
y, z, n
y, z, p
y, z, q
y, z, r
y, z, s
y, z, t
y, z, u
y, z, v
y, z, w
y, z, z
y, z, '
y, ', a
y, ', b
y, ', c
y, ', d
y, ', e
y, ', f
y, ', h
y, ', i
y, ', l
y, ', m
y, ', n
y, ', o
y, ', p
y, ', r
y, ', t
y, ', u
y, ', v
z, a, j
z, a, o
z, a, x
z, a, y
z, b, b
z, b, c
z, b, d
z, b, f
z, b, g
z, b, h
z, b, i
z, b, j
z, b, k
z, b, l
z, b, m
z, b, n
z, b, p
z, b, q
z, b, r
z, b, s
z, b, t
z, b, v
z, b, w
z, b, x
z, b, y
z, b, z
z, b, '
z, c, b
z, c, c
z, c, d
z, c, e
z, c, f
z, c, g
z, c, h
z, c, i
z, c, j
z, c, k
z, c, l
z, c, m
z, c, n
z, c, p
z, c, q
z, c, r
z, c, s
z, c, t
z, c, v
z, c, w
z, c, x
z, c, y
z, c, '
z, d, b
z, d, c
z, d, d
z, d, f
z, d, g
z, d, h
z, d, j
z, d, k
z, d, l
z, d, m
z, d, n
z, d, o
z, d, p
z, d, q
z, d, r
z, d, s
z, d, t
z, d, u
z, d, v
z, d, w
z, d, x
z, d, y
z, d, z
z, d, '
z, e, j
z, e, q
z, e, x
z, f, a
z, f, b
z, f, c
z, f, d
z, f, f
z, f, g
z, f, h
z, f, i
z, f, j
z, f, k
z, f, l
z, f, m
z, f, n
z, f, o
z, f, p
z, f, r
z, f, s
z, f, t
z, f, u
z, f, v
z, f, w
z, f, y
z, f, z
z, f, '
z, g, a
z, g, b
z, g, c
z, g, d
z, g, f
z, g, g
z, g, h
z, g, j
z, g, k
z, g, l
z, g, m
z, g, n
z, g, o
z, g, p
z, g, q
z, g, r
z, g, s
z, g, t
z, g, u
z, g, v
z, g, w
z, g, y
z, g, z
z, g, '
z, h, b
z, h, c
z, h, d
z, h, f
z, h, g
z, h, h
z, h, j
z, h, k
z, h, l
z, h, m
z, h, n
z, h, p
z, h, q
z, h, r
z, h, s
z, h, t
z, h, v
z, h, w
z, h, y
z, h, z
z, h, '
z, i, h
z, i, i
z, i, j
z, i, x
z, i, y
z, k, b
z, k, c
z, k, d
z, k, f
z, k, g
z, k, h
z, k, j
z, k, k
z, k, l
z, k, m
z, k, n
z, k, p
z, k, q
z, k, s
z, k, t
z, k, u
z, k, v
z, k, w
z, k, z
z, k, '
z, l, b
z, l, c
z, l, d
z, l, f
z, l, g
z, l, h
z, l, j
z, l, k
z, l, l
z, l, m
z, l, n
z, l, p
z, l, q
z, l, r
z, l, s
z, l, t
z, l, u
z, l, v
z, l, w
z, l, x
z, l, z
z, l, '
z, m, b
z, m, c
z, m, d
z, m, f
z, m, g
z, m, h
z, m, j
z, m, k
z, m, l
z, m, m
z, m, n
z, m, p
z, m, q
z, m, r
z, m, s
z, m, t
z, m, u
z, m, v
z, m, w
z, m, x
z, m, y
z, m, z
z, m, '
z, n, b
z, n, c
z, n, d
z, n, f
z, n, g
z, n, h
z, n, j
z, n, k
z, n, l
z, n, m
z, n, n
z, n, o
z, n, p
z, n, q
z, n, r
z, n, s
z, n, t
z, n, u
z, n, v
z, n, w
z, n, x
z, n, z
z, n, '
z, o, j
z, o, z
z, p, b
z, p, c
z, p, d
z, p, e
z, p, f
z, p, g
z, p, h
z, p, i
z, p, j
z, p, k
z, p, l
z, p, m
z, p, n
z, p, o
z, p, p
z, p, q
z, p, r
z, p, s
z, p, t
z, p, u
z, p, v
z, p, w
z, p, y
z, p, z
z, p, '
z, q, a
z, q, b
z, q, c
z, q, d
z, q, e
z, q, i
z, q, l
z, q, m
z, q, n
z, q, o
z, q, q
z, q, r
z, q, s
z, q, t
z, q, w
z, q, '
z, r, b
z, r, c
z, r, d
z, r, e
z, r, f
z, r, g
z, r, h
z, r, j
z, r, k
z, r, l
z, r, m
z, r, n
z, r, p
z, r, q
z, r, r
z, r, s
z, r, t
z, r, u
z, r, v
z, r, w
z, r, x
z, r, y
z, r, z
z, r, '
z, s, b
z, s, d
z, s, e
z, s, f
z, s, g
z, s, h
z, s, j
z, s, l
z, s, m
z, s, n
z, s, o
z, s, p
z, s, q
z, s, r
z, s, s
z, s, u
z, s, v
z, s, w
z, s, x
z, s, y
z, s, z
z, s, '
z, t, b
z, t, c
z, t, d
z, t, f
z, t, g
z, t, i
z, t, j
z, t, k
z, t, l
z, t, m
z, t, n
z, t, p
z, t, q
z, t, s
z, t, t
z, t, u
z, t, v
z, t, w
z, t, x
z, t, y
z, t, z
z, t, '
z, u, a
z, u, d
z, u, h
z, u, j
z, u, q
z, u, v
z, u, w
z, u, x
z, u, y
z, v, c
z, v, d
z, v, e
z, v, f
z, v, g
z, v, h
z, v, k
z, v, l
z, v, m
z, v, n
z, v, p
z, v, r
z, v, s
z, v, t
z, v, u
z, v, v
z, v, x
z, v, y
z, v, z
z, v, '
z, w, b
z, w, c
z, w, d
z, w, e
z, w, f
z, w, g
z, w, h
z, w, j
z, w, k
z, w, l
z, w, m
z, w, n
z, w, p
z, w, r
z, w, s
z, w, t
z, w, u
z, w, v
z, w, w
z, w, y
z, w, z
z, w, '
z, y, a
z, y, c
z, y, d
z, y, e
z, y, f
z, y, h
z, y, j
z, y, n
z, y, o
z, y, p
z, y, q
z, y, v
z, y, x
z, y, y
z, z, c
z, z, d
z, z, f
z, z, g
z, z, h
z, z, k
z, z, n
z, z, p
z, z, q
z, z, r
z, z, s
z, z, t
z, z, v
z, z, z
z, ', a
z, ', b
z, ', c
z, ', d
z, ', e
z, ', f
z, ', h
z, ', i
z, ', l
z, ', m
z, ', n
z, ', o
z, ', p
z, ', r
z, ', t
z, ', u
z, ', v
', a, a
', a, b
', a, d
', a, e
', a, f
', a, g
', a, h
', a, i
', a, j
', a, k
', a, o
', a, p
', a, q
', a, s
', a, t
', a, u
', a, v
', a, w
', a, x
', a, y
', a, z
', a, '
', b, a
', b, b
', b, c
', b, d
', b, e
', b, f
', b, g
', b, h
', b, i
', b, j
', b, k
', b, l
', b, m
', b, n
', b, o
', b, p
', b, q
', b, r
', b, s
', b, t
', b, u
', b, v
', b, w
', b, x
', b, y
', b, z
', b, '
', c, b
', c, c
', c, d
', c, e
', c, f
', c, g
', c, h
', c, i
', c, j
', c, k
', c, l
', c, m
', c, n
', c, p
', c, q
', c, r
', c, s
', c, t
', c, u
', c, v
', c, w
', c, x
', c, y
', c, z
', d, a
', d, b
', d, c
', d, d
', d, e
', d, f
', d, g
', d, h
', d, i
', d, j
', d, k
', d, l
', d, m
', d, n
', d, p
', d, q
', d, r
', d, s
', d, t
', d, u
', d, v
', d, w
', d, x
', d, y
', d, z
', d, '
', e, a
', e, b
', e, c
', e, d
', e, e
', e, f
', e, g
', e, h
', e, i
', e, j
', e, k
', e, l
', e, m
', e, o
', e, p
', e, q
', e, s
', e, t
', e, u
', e, v
', e, w
', e, x
', e, y
', e, z
', e, '
', f, a
', f, b
', f, c
', f, d
', f, e
', f, f
', f, g
', f, h
', f, i
', f, j
', f, k
', f, l
', f, m
', f, n
', f, o
', f, p
', f, r
', f, s
', f, t
', f, u
', f, v
', f, w
', f, y
', f, z
', f, '
', h, b
', h, c
', h, d
', h, e
', h, f
', h, g
', h, h
', h, i
', h, j
', h, k
', h, l
', h, m
', h, n
', h, p
', h, q
', h, r
', h, s
', h, t
', h, u
', h, v
', h, w
', h, y
', h, z
', h, '
', i, a
', i, b
', i, c
', i, d
', i, e
', i, f
', i, g
', i, h
', i, i
', i, j
', i, k
', i, l
', i, m
', i, o
', i, p
', i, q
', i, r
', i, s
', i, u
', i, v
', i, w
', i, x
', i, y
', i, z
', i, '
', l, a
', l, b
', l, c
', l, d
', l, e
', l, f
', l, g
', l, h
', l, i
', l, j
', l, k
', l, m
', l, n
', l, o
', l, p
', l, q
', l, r
', l, s
', l, t
', l, u
', l, v
', l, w
', l, x
', l, y
', l, z
', l, '
', m, a
', m, b
', m, c
', m, d
', m, e
', m, f
', m, g
', m, h
', m, i
', m, j
', m, k
', m, l
', m, m
', m, n
', m, o
', m, p
', m, q
', m, r
', m, s
', m, t
', m, u
', m, v
', m, w
', m, x
', m, y
', m, z
', m, '
', n, a
', n, b
', n, c
', n, d
', n, e
', n, f
', n, g
', n, h
', n, i
', n, j
', n, k
', n, l
', n, m
', n, n
', n, o
', n, p
', n, q
', n, r
', n, s
', n, t
', n, u
', n, v
', n, w
', n, x
', n, y
', n, z
', n, '
', o, a
', o, b
', o, c
', o, d
', o, e
', o, f
', o, g
', o, h
', o, i
', o, j
', o, k
', o, l
', o, m
', o, n
', o, o
', o, p
', o, q
', o, s
', o, t
', o, u
', o, v
', o, w
', o, x
', o, y
', o, z
', o, '
', p, a
', p, b
', p, c
', p, d
', p, e
', p, f
', p, g
', p, h
', p, i
', p, j
', p, k
', p, l
', p, m
', p, n
', p, o
', p, p
', p, q
', p, r
', p, s
', p, t
', p, u
', p, v
', p, w
', p, y
', p, z
', p, '
', r, a
', r, b
', r, c
', r, d
', r, f
', r, g
', r, h
', r, i
', r, j
', r, k
', r, l
', r, m
', r, n
', r, o
', r, p
', r, q
', r, r
', r, s
', r, t
', r, u
', r, v
', r, w
', r, x
', r, y
', r, z
', r, '
', s, a
', s, b
', s, c
', s, d
', s, e
', s, f
', s, g
', s, h
', s, i
', s, j
', s, k
', s, l
', s, m
', s, n
', s, o
', s, p
', s, q
', s, r
', s, s
', s, t
', s, u
', s, v
', s, w
', s, x
', s, y
', s, z
', t, a
', t, b
', t, c
', t, d
', t, e
', t, f
', t, g
', t, h
', t, i
', t, j
', t, k
', t, l
', t, m
', t, n
', t, o
', t, p
', t, q
', t, r
', t, s
', t, t
', t, u
', t, v
', t, w
', t, x
', t, y
', t, z
', t, '
', u, a
', u, b
', u, c
', u, d
', u, e
', u, f
', u, g
', u, h
', u, i
', u, j
', u, k
', u, l
', u, m
', u, n
', u, o
', u, p
', u, q
', u, r
', u, s
', u, t
', u, u
', u, v
', u, w
', u, x
', u, y
', u, z
', u, '
', v, a
', v, c
', v, d
', v, f
', v, g
', v, h
', v, i
', v, k
', v, l
', v, m
', v, n
', v, o
', v, p
', v, r
', v, s
', v, t
', v, u
', v, v
', v, x
', v, y
', v, z
', v, '
