a, j
a, q
a, '
b, b
b, c
b, d
b, f
b, g
b, h
b, j
b, k
b, l
b, m
b, n
b, p
b, q
b, r
b, t
b, v
b, w
b, x
b, z
b, '
c, b
c, f
c, g
c, j
c, l
c, m
c, n
c, p
c, q
c, r
c, v
c, w
c, x
c, z
c, '
d, b
d, c
d, f
d, g
d, h
d, j
d, k
d, l
d, m
d, n
d, p
d, q
d, r
d, v
d, w
d, x
d, z
d, '
e, j
e, q
e, '
f, b
f, c
f, d
f, g
f, h
f, j
f, k
f, l
f, m
f, n
f, p
f, r
f, u
f, v
f, w
f, z
f, '
g, b
g, c
g, d
g, f
g, g
g, j
g, k
g, l
g, m
g, p
g, q
g, r
g, t
g, v
g, w
g, z
g, '
h, b
h, c
h, d
h, f
h, g
h, h
h, j
h, k
h, p
h, q
h, v
h, w
h, z
h, '
i, h
i, j
i, q
i, u
i, v
i, w
i, y
i, '
j, b
j, c
j, d
j, f
j, g
j, h
j, j
j, k
j, l
j, m
j, n
j, p
j, r
j, s
j, t
j, u
j, v
j, w
j, y
j, '
k, b
k, c
k, d
k, f
k, g
k, h
k, j
k, k
k, l
k, m
k, n
k, p
k, q
k, r
k, t
k, v
k, w
k, z
k, '
l, b
l, c
l, g
l, h
l, j
l, q
l, r
l, v
l, w
l, x
l, z
l, '
m, c
m, d
m, f
m, g
m, h
m, j
m, k
m, l
m, m
m, q
m, r
m, t
m, v
m, w
m, x
m, z
m, '
n, b
n, f
n, h
n, j
n, l
n, m
n, p
n, q
n, r
n, v
n, w
n, z
n, '
o, j
o, q
o, z
o, '
p, b
p, d
p, f
p, g
p, j
p, k
p, l
p, m
p, n
p, q
p, r
p, v
p, w
p, z
p, '
q, a
q, b
q, c
q, d
q, e
q, i
q, l
q, m
q, n
q, o
q, q
q, r
q, s
q, t
q, u
q, w
q, '
r, h
r, j
r, q
r, v
r, w
r, x
r, z
r, '
s, b
s, d
s, f
s, g
s, j
s, l
s, n
s, q
s, r
s, v
s, w
s, x
s, z
s, '
t, b
t, f
t, g
t, j
t, k
t, m
t, n
t, q
t, r
t, v
t, w
t, x
t, '
u, c
u, f
u, h
u, j
u, o
u, q
u, u
u, v
u, w
u, z
u, '
v, c
v, d
v, f
v, g
v, h
v, k
v, l
v, m
v, n
v, p
v, r
v, t
v, u
v, v
v, x
v, z
v, '
w, b
w, c
w, d
w, f
w, g
w, h
w, j
w, m
w, o
w, p
w, r
w, u
w, v
w, w
w, z
w, '
x, a
x, b
x, c
x, d
x, f
x, g
x, h
x, i
x, k
x, l
x, m
x, n
x, o
x, p
x, q
x, r
x, s
x, u
x, v
x, w
x, x
x, '
y, b
y, c
y, f
y, g
y, h
y, i
y, j
y, k
y, p
y, q
y, t
y, u
y, v
y, w
y, y
y, z
y, '
z, b
z, c
z, d
z, f
z, g
z, h
z, k
z, l
z, m
z, n
z, p
z, q
z, r
z, s
z, t
z, u
z, v
z, w
z, '
', a
', b
', c
', e
', f
', h
', i
', l
', m
', n
', o
', p
', r
', u
', v
