a, '
b, g
b, q
b, x
b, z
b, '
c, j
c, k
c, q
c, x
c, '
d, g
d, k
d, q
d, x
e, '
f, b
f, k
f, v
f, z
f, '
g, g
g, k
g, q
g, v
g, z
g, '
h, b
h, h
h, j
h, k
h, n
h, q
h, v
h, z
h, '
j, b
j, d
j, g
j, j
j, k
j, l
j, m
j, p
j, r
j, s
j, t
j, v
j, w
j, '
k, d
k, f
k, g
k, k
k, q
k, t
k, z
k, '
l, k
l, m
l, n
l, q
l, x
l, z
m, k
m, q
m, x
m, '
n, j
n, k
n, m
n, q
n, t
n, v
n, x
n, z
n, '
p, g
p, j
p, q
p, z
p, '
q, b
q, c
q, d
q, l
q, m
q, n
q, q
q, r
q, s
q, w
q, '
r, j
r, k
r, m
r, q
r, v
r, x
r, z
r, '
s, x
s, '
t, k
t, q
t, v
t, x
t, '
u, o
u, q
u, w
u, y
u, '
v, g
v, h
v, k
v, n
v, p
v, v
v, x
v, z
v, '
w, c
w, d
w, g
w, j
w, k
w, m
w, n
w, t
w, v
w, z
w, '
x, b
x, c
x, d
x, f
x, g
x, h
x, k
x, l
x, n
x, p
x, q
x, r
x, s
x, t
x, u
x, v
x, w
x, '
y, d
y, h
y, j
y, k
y, n
y, q
y, w
y, x
y, y
y, z
y, '
z, b
z, c
z, d
z, f
z, g
z, k
z, m
z, n
z, p
z, q
z, r
z, s
z, t
z, v
z, z
z, '
', a
', b
', c
', d
', e
', f
', h
', i
', l
', m
', n
', o
', p
', r
', s
', t
', u
', v
